CREATE DATABASE sample;
#Creating Table  - employee1
CREATE TABLE employee1 
(
    employee_no	INT NOT NULL UNIQUE PRIMARY KEY,
    ethnicity	VARCHAR(30),
    gender	VARCHAR(30),
    job_status	VARCHAR(255),
    job_title	VARCHAR(255),
    employment_type	VARCHAR(30)
);

INSERT INTO employee1 (employee_no, ethnicity, gender, job_status, job_title, employment_type) VALUES
	('191910', 'HISPANIC', 'MALE', 'ACTIVE', 'MAINTENANCE LABORER', 'FULL_TIME'),
	('191911', 'ASIAN', 'FEMALE', 'ACTIVE', 'DEPUTY CITY ATTORNEY II', 'FULL_TIME'),
	('191912', 'BLACK', 'MALE', 'ACTIVE', 'POLICE OFFICER I', 'FULL_TIME'),
	('191913', 'FILIPINO', 'MALE', 'ACTIVE', 'POLICE SERVICE REPRESENTATIVE II', 'FULL_TIME'),
	('191914', 'HISPANIC', 'MALE', 'ACTIVE', 'REFUSE COLLECTION TRUCK OPERATOR II', 'FULL_TIME'),
	('191915', 'HISPANIC', 'MALE', 'ACTIVE', 'FIRE CAPTAIN II', 'FULL_TIME'),
	('191916', 'BLACK', 'MALE', 'ACTIVE', 'RECREATION ASSISTANT', 'PART_TIME'),
	('191917', 'CAUCASIAN', 'FEMALE', 'ACTIVE', 'LIBRARIAN III', 'FULL_TIME'),
	('191918', 'HISPANIC', 'MALE', 'ACTIVE', 'REFUSE COLLECTION TRUCK OPERATOR II', 'FULL_TIME'),
	('191919', 'BLACK', 'FEMALE', 'ACTIVE', 'ADMINISTRATIVE CLERK', 'FULL_TIME'),
	('191920', 'CAUCASIAN', 'MALE', 'ACTIVE', 'STOREKEEPER II', 'FULL_TIME'),
	('191921', 'OTHER', 'FEMALE', 'ACTIVE', 'COMMUNICATIONS ELECTRICIAN I - HIRING HALL', 'PART_TIME'),
	('191922', 'HISPANIC', 'MALE', 'ACTIVE', 'POLICE DETECTIVE I', 'FULL_TIME'),
	('191923', 'NA', 'MALE', 'NOT_ACTIVE', 'POLICE OFFICER I', 'FULL_TIME'),
	('191924', 'HISPANIC', 'MALE', 'ACTIVE', 'PORT POLICE OFFICER II', 'FULL_TIME'),
	('191925', 'HISPANIC', 'FEMALE', 'ACTIVE', 'SENIOR TRAFFIC SUPERVISOR II', 'FULL_TIME'),
	('191926', 'CAUCASIAN', 'FEMALE', 'NOT_ACTIVE', 'MANAGEMENT ASSISTANT', 'FULL_TIME'),
	('191927', 'HISPANIC', 'FEMALE', 'ACTIVE', 'POLICE OFFICER III', 'FULL_TIME'),
	('191928', 'HISPANIC', 'MALE', 'ACTIVE', 'POLICE OFFICER II', 'FULL_TIME'),
	('191929', 'HISPANIC', 'MALE', 'ACTIVE', 'POOL LIFEGUARD', 'PART_TIME'),
	('191930', 'OTHER', 'MALE', 'ACTIVE', 'RECREATION ASSISTANT', 'PART_TIME'),
	('191931', 'HISPANIC', 'MALE', 'ACTIVE', 'POLICE OFFICER II', 'FULL_TIME'),
	('191932', 'BLACK', 'MALE', 'ACTIVE', 'FIREFIGHTER III', 'FULL_TIME'),
	('191933', 'BLACK', 'MALE', 'ACTIVE', 'FIRE INSPECTOR I', 'FULL_TIME'),
	('191934', 'CAUCASIAN', 'MALE', 'ACTIVE', 'COMMISSION HEARING EXAMINER', 'PART_TIME'),
	('191935', 'HISPANIC', 'FEMALE', 'ACTIVE', 'PERSONNEL DIRECTOR III', 'FULL_TIME'),
	('191936', 'ASIAN', 'FEMALE', 'ACTIVE', 'ASSISTANT CITY ATTORNEY', 'FULL_TIME'),
	('191937', 'HISPANIC', 'MALE', 'ACTIVE', 'POLICE OFFICER II', 'FULL_TIME'),
	('191938', 'HISPANIC', 'FEMALE', 'ACTIVE', 'POOL LIFEGUARD', 'PART_TIME'),
	('191939', 'CAUCASIAN', 'FEMALE', 'ACTIVE', 'MANAGEMENT ANALYST', 'FULL_TIME'),
	('191940', 'HISPANIC', 'MALE', 'ACTIVE', 'TREE SURGEON', 'FULL_TIME'),
	('191941', 'BLACK', 'MALE', 'ACTIVE', 'PLUMBER SUPERVISOR', 'FULL_TIME'),
	('191942', 'FILIPINO', 'MALE', 'ACTIVE', 'SENIOR SYSTEMS ANALYST I', 'FULL_TIME'),
	('191943', 'HISPANIC', 'MALE', 'ACTIVE', 'REFUSE COLLECTION TRUCK OPERATOR II', 'FULL_TIME'),
	('191944', 'HISPANIC', 'MALE', 'ACTIVE', 'CUSTODIAN - AIRPORTS', 'FULL_TIME'),
	('191945', 'BLACK', 'FEMALE', 'ACTIVE', 'SECRETARY', 'FULL_TIME'),
	('191946', 'BLACK', 'MALE', 'ACTIVE', 'POLICE OFFICER II', 'FULL_TIME'),
	('191947', 'CAUCASIAN', 'MALE', 'ACTIVE', 'POLICE OFFICER II', 'FULL_TIME'),
	('191948', 'BLACK', 'MALE', 'ACTIVE', 'ADMINISTRATIVE CLERK', 'FULL_TIME'),
	('191949', 'HISPANIC', 'MALE', 'ACTIVE', 'POLICE OFFICER I', 'FULL_TIME'),
	('191950', 'ASIAN', 'FEMALE', 'ACTIVE', 'ADMINISTRATIVE CLERK', 'FULL_TIME'),
	('191951', 'FILIPINO', 'FEMALE', 'ACTIVE', 'FIRE INSPECTOR I', 'FULL_TIME'),
	('191952', 'HISPANIC', 'MALE', 'ACTIVE', 'MAINTENANCE AND CONSTRUCTION HELPER', 'PART_TIME'),
	('191953', 'HISPANIC', 'MALE', 'ACTIVE', 'ELECTRICIAN', 'FULL_TIME'),
	('191954', 'BLACK', 'MALE', 'ACTIVE', 'CIVIL ENGINEERING ASSOCIATE II', 'FULL_TIME'),
	('191955', 'HISPANIC', 'MALE', 'ACTIVE', 'WASTEWATER COLLECTION SUPERVISOR', 'FULL_TIME'),
	('191956', 'FILIPINO', 'FEMALE', 'ACTIVE', 'MANAGEMENT ANALYST', 'FULL_TIME'),
	('191957', 'CAUCASIAN', 'FEMALE', 'ACTIVE', 'STUDENT ENGINEER', 'PART_TIME'),
	('191958', 'NA', 'FEMALE', 'ACTIVE', 'ASSISTANT PARK SERVICES ATTENDANT I', 'PART_TIME'),
	('191959', 'HISPANIC', 'MALE', 'ACTIVE', 'POLICE OFFICER II', 'FULL_TIME'),
	('191960', 'ASIAN', 'FEMALE', 'ACTIVE', 'ENVIRONMENTAL COMPLIANCE INSPECTOR', 'FULL_TIME'),
	('191961', 'BLACK', 'MALE', 'ACTIVE', 'CEMENT FINISHER', 'FULL_TIME'),
	('191962', 'HISPANIC', 'MALE', 'ACTIVE', 'POLICE OFFICER II', 'FULL_TIME'),
	('191963', 'HISPANIC', 'MALE', 'ACTIVE', 'FIREFIGHTER III', 'FULL_TIME'),
	('191964', 'BLACK', 'FEMALE', 'ACTIVE', 'COMMUNICATIONS INFORMATION REPRESENTATIVE III', 'FULL_TIME'),
	('191965', 'ASIAN', 'MALE', 'ACTIVE', 'FIREFIGHTER III', 'FULL_TIME'),
	('191966', 'HISPANIC', 'MALE', 'ACTIVE', 'FIREFIGHTER III', 'FULL_TIME'),
	('191967', 'HISPANIC', 'MALE', 'ACTIVE', 'POLICE DETECTIVE I', 'FULL_TIME'),
	('191968', 'CAUCASIAN', 'MALE', 'ACTIVE', 'FIREBOAT PILOT', 'FULL_TIME'),
	('191969', 'CAUCASIAN', 'MALE', 'ACTIVE', 'POLICE OFFICER III', 'FULL_TIME'),
	('191970', 'HISPANIC', 'MALE', 'ACTIVE', 'STREET SERVICES WORKER I', 'FULL_TIME'),
	('191971', 'CAUCASIAN', 'MALE', 'ACTIVE', 'OBSERVATORY LECTURER', 'PART_TIME'),
	('191972', 'HISPANIC', 'FEMALE', 'ACTIVE', 'POLICE SERVICE REPRESENTATIVE II', 'FULL_TIME'),
	('191973', 'BLACK', 'FEMALE', 'ACTIVE', 'AIRPORT POLICE OFFICER II', 'FULL_TIME'),
	('191974', 'TWO OR MORE RACES', 'MALE', 'ACTIVE', 'MANAGEMENT ASSISTANT', 'FULL_TIME'),
	('191975', 'ASIAN', 'MALE', 'ACTIVE', 'POLICE OFFICER II', 'FULL_TIME'),
	('191976', 'OTHER', 'FEMALE', 'ACTIVE', 'RECREATION ASSISTANT', 'PART_TIME'),
	('191977', 'ASIAN', 'MALE', 'ACTIVE', 'FIREBOAT MATE', 'FULL_TIME'),
	('191978', 'HISPANIC', 'FEMALE', 'ACTIVE', 'RECREATION ASSISTANT', 'PART_TIME'),
	('191979', 'HISPANIC', 'FEMALE', 'ACTIVE', 'GARDENER CARETAKER', 'FULL_TIME'),
	('191980', 'CAUCASIAN', 'MALE', 'ACTIVE', 'POLICE OFFICER III', 'FULL_TIME'),
	('191981', 'BLACK', 'FEMALE', 'ACTIVE', 'ACCOUNTING CLERK', 'FULL_TIME'),
	('191982', 'HISPANIC', 'MALE', 'ACTIVE', 'RECREATION ASSISTANT', 'PART_TIME'),
	('191983', 'CAUCASIAN', 'FEMALE', 'ACTIVE', 'PARALEGAL I', 'FULL_TIME'),
	('191984', 'BLACK', 'MALE', 'ACTIVE', 'POLICE DETECTIVE II', 'FULL_TIME'),
	('191985', 'OTHER', 'FEMALE', 'ACTIVE', 'RECREATION ASSISTANT', 'PART_TIME'),
	('191986', 'HISPANIC', 'FEMALE', 'ACTIVE', 'GALLERY ATTENDANT (PART TIME)', 'PART_TIME'),
	('191987', 'CAUCASIAN', 'MALE', 'ACTIVE', 'POLICE SERGEANT I', 'FULL_TIME'),
	('191988', 'BLACK', 'MALE', 'ACTIVE', 'MANAGEMENT ASSISTANT', 'FULL_TIME'),
	('191989', 'HISPANIC', 'FEMALE', 'NOT_ACTIVE', 'MAINTENANCE LABORER', 'FULL_TIME'),
	('191990', 'OTHER', 'MALE', 'ACTIVE', 'RECREATION ASSISTANT', 'PART_TIME'),
	('191991', 'BLACK', 'MALE', 'ACTIVE', 'FIREFIGHTER III', 'FULL_TIME'),
	('191992', 'FILIPINO', 'FEMALE', 'ACTIVE', 'SENIOR STOREKEEPER', 'FULL_TIME'),
	('191993', 'OTHER', 'MALE', 'ACTIVE', 'CONSTRUCTION INSPECTOR', 'FULL_TIME'),
	('191994', 'NA', 'FEMALE', 'ACTIVE', 'LEGAL CLERK II', 'FULL_TIME'),
	('191995', 'CAUCASIAN', 'MALE', 'ACTIVE', 'POLICE DETECTIVE I', 'FULL_TIME'),
	('191996', 'FILIPINO', 'MALE', 'ACTIVE', 'POLICE SERGEANT II', 'FULL_TIME'),
	('191997', 'HISPANIC', 'FEMALE', 'ACTIVE', 'STRUCTURAL ENGINEERING ASSOCIATE II', 'FULL_TIME'),
	('191998', 'HISPANIC', 'MALE', 'ACTIVE', 'MAINTENANCE LABORER', 'FULL_TIME'),
	('191999', 'CAUCASIAN', 'FEMALE', 'ACTIVE', 'COUNCIL AIDE IV', 'FULL_TIME'),
	('192000', 'BLACK', 'MALE', 'ACTIVE', 'CUSTODIAN - AIRPORTS', 'FULL_TIME'),
	('192001', 'CAUCASIAN', 'FEMALE', 'ACTIVE', 'MARITIME MUSEUM DIRECTOR', 'FULL_TIME'),
	('192002', 'CAUCASIAN', 'MALE', 'ACTIVE', 'PARK MAINTENANCE SUPERVISOR', 'PART_TIME'),
	('192003', 'CAUCASIAN', 'FEMALE', 'ACTIVE', 'LEGAL SECRETARY III', 'FULL_TIME'),
	('192004', 'HISPANIC', 'MALE', 'ACTIVE', 'ELECTRICIAN SUPERVISOR', 'FULL_TIME'),
	('192005', 'NA', 'MALE', 'ACTIVE', 'GARAGE ATTENDANT', 'FULL_TIME'),
	('192006', 'CAUCASIAN', 'MALE', 'ACTIVE', 'POLICE OFFICER III', 'FULL_TIME'),
	('192007', 'OTHER', 'MALE', 'ACTIVE', 'MUSEUM GUIDE', 'PART_TIME'),
	('192008', 'OTHER', 'FEMALE', 'ACTIVE', 'RECREATION ASSISTANT', 'PART_TIME'),
	('192009', 'ASIAN', 'MALE', 'ACTIVE', 'ART INSTRUCTOR', 'PART_TIME'),
	('192010', 'CAUCASIAN', 'MALE', 'ACTIVE', 'ASSISTANT CITY ATTORNEY', 'FULL_TIME'),
	('192011', 'CAUCASIAN', 'MALE', 'ACTIVE', 'POLICE OFFICER II', 'FULL_TIME'),
	('192012', 'OTHER', 'FEMALE', 'ACTIVE', 'RECREATION ASSISTANT', 'PART_TIME'),
	('192013', 'HISPANIC', 'MALE', 'NOT_ACTIVE', 'ELEVATOR MECHANIC', 'FULL_TIME'),
	('192014', 'ASIAN', 'MALE', 'ACTIVE', 'MATERIALS TESTING ENGINEERING ASSOCIATE II', 'FULL_TIME'),
	('192015', 'HISPANIC', 'MALE', 'ACTIVE', 'FIRE INSPECTOR II', 'FULL_TIME'),
	('192016', 'BLACK', 'FEMALE', 'ACTIVE', 'COUNCIL AIDE VII', 'FULL_TIME'),
	('192017', 'CAUCASIAN', 'FEMALE', 'ACTIVE', 'DEPUTY CITY ATTORNEY III', 'FULL_TIME'),
	('192018', 'ASIAN', 'MALE', 'ACTIVE', 'AUDITOR II', 'FULL_TIME'),
	('192019', 'HISPANIC', 'MALE', 'ACTIVE', 'FIREFIGHTER II', 'FULL_TIME'),
	('192020', 'HISPANIC', 'MALE', 'ACTIVE', 'FIREFIGHTER III', 'FULL_TIME'),
	('192021', 'HISPANIC', 'FEMALE', 'ACTIVE', 'FINANCE DEVELOPMENT OFFICER II', 'FULL_TIME'),
	('192022', 'CAUCASIAN', 'MALE', 'ACTIVE', 'POLICE DETECTIVE I', 'FULL_TIME'),
	('192023', 'NA', 'UNKNOWN', 'NOT_ACTIVE', 'OFFICE TRAINEE ADMIN CLERK', 'FULL_TIME'),
	('192024', 'HISPANIC', 'FEMALE', 'ACTIVE', 'PRINCIPAL CLERK POLICE II', 'FULL_TIME'),
	('192025', 'NA', 'MALE', 'ACTIVE', 'SYSTEMS ANALYST', 'FULL_TIME'),
	('192026', 'BLACK', 'FEMALE', 'ACTIVE', 'TRAFFIC OFFICER II', 'FULL_TIME'),
	('192027', 'ASIAN', 'FEMALE', 'ACTIVE', 'SENIOR ACCOUNTANT II', 'FULL_TIME'),
	('192028', 'BLACK', 'FEMALE', 'ACTIVE', 'EMERGENCY MANAGEMENT COORDINATOR I', 'FULL_TIME'),
	('192029', 'CAUCASIAN', 'MALE', 'ACTIVE', 'GARDENER CARETAKER', 'FULL_TIME'),
	('192030', 'OTHER', 'FEMALE', 'NOT_ACTIVE', 'COUNCIL AIDE VII', 'FULL_TIME'),
	('192031', 'BLACK', 'FEMALE', 'ACTIVE', 'COMMUNITY AND ADMINISTRATIVE SUPPORT WORKER I', 'PART_TIME'),
	('192032', 'BLACK', 'MALE', 'ACTIVE', 'REFUSE COLLECTION TRUCK OPERATOR II', 'FULL_TIME'),
	('192033', 'HISPANIC', 'MALE', 'ACTIVE', 'FIREFIGHTER III', 'FULL_TIME'),
	('192034', 'CAUCASIAN', 'FEMALE', 'ACTIVE', 'ACCOUNTING CLERK', 'PART_TIME'),
	('192035', 'ASIAN', 'FEMALE', 'ACTIVE', 'CIVIL ENGINEER', 'FULL_TIME'),
	('192036', 'HISPANIC', 'MALE', 'ACTIVE', 'SPECIAL PROGRAM ASSISTANT II', 'PART_TIME'),
	('192037', 'HISPANIC', 'FEMALE', 'ACTIVE', 'POLICE SERGEANT I', 'FULL_TIME'),
	('192038', 'OTHER', 'FEMALE', 'ACTIVE', 'SPECIAL PROGRAM ASSISTANT II', 'PART_TIME'),
	('192039', 'CAUCASIAN', 'MALE', 'ACTIVE', 'ADMINISTRATIVE CLERK', 'FULL_TIME'),
	('192040', 'HISPANIC', 'MALE', 'ACTIVE', 'POLICE OFFICER III', 'FULL_TIME'),
	('192041', 'HISPANIC', 'FEMALE', 'ACTIVE', 'POLICE OFFICER II', 'FULL_TIME'),
	('192042', 'ASIAN', 'MALE', 'ACTIVE', 'PROGRAMMER ANALYST IV', 'FULL_TIME'),
	('192043', 'HISPANIC', 'MALE', 'ACTIVE', 'GEOGRAPHIC INFORMATION SYSTEMS SUPERVISOR I', 'FULL_TIME'),
	('192044', 'ASIAN', 'FEMALE', 'ACTIVE', 'DEPUTY CITY ATTORNEY III', 'FULL_TIME'),
	('192045', 'BLACK', 'FEMALE', 'ACTIVE', 'COMMUNICATIONS INFORMATION REPRESENTATIVE III', 'FULL_TIME'),
	('192046', 'CAUCASIAN', 'MALE', 'ACTIVE', 'POLICE OFFICER II', 'FULL_TIME'),
	('192047', 'HISPANIC', 'FEMALE', 'ACTIVE', 'POLICE DETECTIVE II', 'FULL_TIME'),
	('192048', 'HISPANIC', 'MALE', 'ACTIVE', 'HOUSING INSPECTOR', 'FULL_TIME'),
	('192049', 'ASIAN', 'FEMALE', 'ACTIVE', 'DEPUTY CITY ATTORNEY III', 'FULL_TIME'),
	('192050', 'HISPANIC', 'MALE', 'ACTIVE', 'POLICE SERGEANT I', 'FULL_TIME'),
	('192051', 'BLACK', 'MALE', 'ACTIVE', 'TRAFFIC OFFICER II', 'FULL_TIME'),
	('192052', 'OTHER', 'MALE', 'ACTIVE', 'ASSISTANT PARK SERVICES ATTENDANT I', 'PART_TIME'),
	('192053', 'HISPANIC', 'MALE', 'ACTIVE', 'REFUSE COLLECTION TRUCK OPERATOR II', 'FULL_TIME'),
	('192054', 'HISPANIC', 'FEMALE', 'ACTIVE', 'HUMAN RESOURCES ASSISTANT', 'FULL_TIME'),
	('192055', 'OTHER', 'FEMALE', 'ACTIVE', 'ADMINISTRATIVE CLERK', 'FULL_TIME'),
	('192056', 'HISPANIC', 'MALE', 'ACTIVE', 'POLICE OFFICER II', 'FULL_TIME'),
	('192057', 'FILIPINO', 'MALE', 'ACTIVE', 'POLICE OFFICER III', 'FULL_TIME'),
	('192058', 'CAUCASIAN', 'FEMALE', 'ACTIVE', 'PUBLIC RELATIONS SPECIALIST II', 'FULL_TIME'),
	('192059', 'HISPANIC', 'FEMALE', 'ACTIVE', 'MAYORAL AIDE V', 'FULL_TIME'),
	('192060', 'FILIPINO', 'MALE', 'ACTIVE', 'SENIOR SAFETY ENGINEER PRESSURE VESSELS', 'FULL_TIME'),
	('192061', 'HISPANIC', 'MALE', 'ACTIVE', 'POLICE OFFICER II', 'FULL_TIME'),
	('192062', 'CAUCASIAN', 'MALE', 'ACTIVE', 'CUSTODIAN - AIRPORTS', 'FULL_TIME'),
	('192063', 'CAUCASIAN', 'MALE', 'ACTIVE', 'POLICE OFFICER III', 'FULL_TIME'),
	('192064', 'HISPANIC', 'MALE', 'ACTIVE', 'RECREATION ASSISTANT', 'PART_TIME'),
	('192065', 'HISPANIC', 'MALE', 'ACTIVE', 'POLICE OFFICER II', 'FULL_TIME'),
	('192066', 'BLACK', 'FEMALE', 'ACTIVE', 'CUSTODIAN', 'FULL_TIME'),
	('192067', 'HISPANIC', 'MALE', 'ACTIVE', 'POLICE OFFICER II', 'FULL_TIME'),
	('192068', 'HISPANIC', 'MALE', 'ACTIVE', 'SENIOR MANAGEMENT ANALYST I', 'FULL_TIME'),
	('192069', 'CAUCASIAN', 'MALE', 'ACTIVE', 'ELECTRICAL CRAFT HELPER', 'FULL_TIME'),
	('192070', 'CAUCASIAN', 'MALE', 'ACTIVE', 'FIRE CAPTAIN I', 'FULL_TIME'),
	('192071', 'CAUCASIAN', 'FEMALE', 'ACTIVE', 'SENIOR MANAGEMENT ANALYST I', 'FULL_TIME'),
	('192072', 'HISPANIC', 'FEMALE', 'ACTIVE', 'MANAGEMENT ASSISTANT', 'FULL_TIME'),
	('192073', 'ASIAN', 'FEMALE', 'ACTIVE', 'TRAFFIC MANAGER', 'FULL_TIME'),
	('192074', 'BLACK', 'FEMALE', 'ACTIVE', 'RECREATION ASSISTANT', 'PART_TIME'),
	('192075', 'NA', 'MALE', 'ACTIVE', 'CIVIL ENGINEERING ASSOCIATE I', 'FULL_TIME'),
	('192076', 'HISPANIC', 'MALE', 'ACTIVE', 'MANAGEMENT ANALYST', 'FULL_TIME'),
	('192077', 'BLACK', 'MALE', 'ACTIVE', 'POLICE OFFICER II', 'FULL_TIME'),
	('192078', 'BLACK', 'MALE', 'NOT_ACTIVE', 'POLICE OFFICER I', 'FULL_TIME'),
	('192079', 'HISPANIC', 'MALE', 'ACTIVE', 'REFUSE COLLECTION TRUCK OPERATOR II', 'FULL_TIME'),
	('192080', 'BLACK', 'FEMALE', 'ACTIVE', 'EXECUTIVE ADMINISTRATIVE ASSISTANT III', 'FULL_TIME'),
	('192081', 'CAUCASIAN', 'MALE', 'ACTIVE', 'MECHANICAL REPAIRER I', 'FULL_TIME'),
	('192082', 'BLACK', 'MALE', 'ACTIVE', 'CUSTODIAN - AIRPORTS', 'FULL_TIME'),
	('192083', 'ASIAN', 'MALE', 'ACTIVE', 'TRANSPORTATION ENGINEERING ASSOCIATE II', 'FULL_TIME'),
	('192084', 'NA', 'FEMALE', 'ACTIVE', 'STRUCTURAL ENGINEERING ASSOCIATE I', 'FULL_TIME'),
	('192085', 'CAUCASIAN', 'MALE', 'ACTIVE', 'POLICE DETECTIVE I', 'FULL_TIME'),
	('192086', 'ASIAN', 'MALE', 'ACTIVE', 'EQUIPMENT MECHANIC', 'FULL_TIME'),
	('192087', 'HISPANIC', 'MALE', 'NOT_ACTIVE', 'MAINTENANCE LABORER', 'FULL_TIME'),
	('192088', 'FILIPINO', 'MALE', 'ACTIVE', 'POLICE OFFICER II', 'FULL_TIME'),
	('192089', 'HISPANIC', 'FEMALE', 'ACTIVE', 'FORENSIC PRINT SPECIALIST III', 'FULL_TIME'),
	('192090', 'BLACK', 'FEMALE', 'ACTIVE', 'MAINTENANCE LABORER', 'FULL_TIME'),
	('192091', 'ASIAN', 'FEMALE', 'ACTIVE', 'SENIOR ACCOUNTANT II', 'FULL_TIME'),
	('192092', 'NA', 'MALE', 'ACTIVE', 'SYSTEMS ANALYST', 'FULL_TIME'),
	('192093', 'BLACK', 'MALE', 'ACTIVE', 'FIRE CAPTAIN I', 'FULL_TIME'),
	('192094', 'HISPANIC', 'MALE', 'ACTIVE', 'POLICE OFFICER III', 'FULL_TIME'),
	('192095', 'HISPANIC', 'MALE', 'ACTIVE', 'SENIOR STRUCTURAL ENGINEER', 'PART_TIME'),
	('192096', 'CAUCASIAN', 'FEMALE', 'ACTIVE', 'SENIOR POLICE SERVICE REPRESENTATIVE I', 'FULL_TIME'),
	('192097', 'HISPANIC', 'MALE', 'ACTIVE', 'CHIEF PERSONNEL ANALYST', 'FULL_TIME'),
	('192098', 'ASIAN', 'MALE', 'ACTIVE', 'FINANCE SPECIALIST III', 'FULL_TIME'),
	('192099', 'CAUCASIAN', 'FEMALE', 'ACTIVE', 'POLICE SERGEANT I', 'FULL_TIME'),
	('192100', 'HISPANIC', 'MALE', 'ACTIVE', 'ROOFER - HIRING HALL', 'PART_TIME'),
	('192101', 'ASIAN', 'MALE', 'ACTIVE', 'POLICE OFFICER II', 'FULL_TIME'),
	('192102', 'HISPANIC', 'MALE', 'ACTIVE', 'SENIOR PARK SERVICES ATTENDANT', 'FULL_TIME'),
	('192103', 'ASIAN', 'MALE', 'ACTIVE', 'MANAGEMENT ANALYST', 'FULL_TIME'),
	('192104', 'CAUCASIAN', 'MALE', 'ACTIVE', 'STREET LIGHTING ELECTRICIAN', 'FULL_TIME'),
	('192105', 'HISPANIC', 'MALE', 'ACTIVE', 'EQUIPMENT MECHANIC', 'FULL_TIME'),
	('192106', 'ASIAN', 'MALE', 'ACTIVE', 'SYSTEMS PROGRAMMER III', 'FULL_TIME'),
	('192107', 'BLACK', 'FEMALE', 'ACTIVE', 'MANAGEMENT ASSISTANT', 'FULL_TIME'),
	('192108', 'CAUCASIAN', 'MALE', 'ACTIVE', 'POLICE OFFICER II', 'FULL_TIME'),
	('192109', 'HISPANIC', 'MALE', 'ACTIVE', 'MANAGEMENT ANALYST', 'FULL_TIME'),
	('192110', 'BLACK', 'FEMALE', 'ACTIVE', 'MANAGEMENT ANALYST', 'FULL_TIME'),
	('192111', 'FILIPINO', 'FEMALE', 'ACTIVE', 'SENIOR MANAGEMENT ANALYST I', 'FULL_TIME'),
	('192112', 'BLACK', 'MALE', 'ACTIVE', 'MOTOR SWEEPER OPERATOR', 'FULL_TIME'),
	('192113', 'BLACK', 'MALE', 'ACTIVE', 'WASTEWATER TREATMENT OPERATOR I', 'FULL_TIME'),
	('192114', 'ASIAN', 'MALE', 'ACTIVE', 'STUDENT WORKER', 'PART_TIME'),
	('192115', 'HISPANIC', 'MALE', 'ACTIVE', 'AIRPORT POLICE OFFICER III', 'FULL_TIME'),
	('192116', 'CAUCASIAN', 'FEMALE', 'ACTIVE', 'ADMINISTRATIVE CLERK', 'PART_TIME'),
	('192117', 'HISPANIC', 'FEMALE', 'ACTIVE', 'MESSENGER CLERK', 'PART_TIME'),
	('192118', 'ASIAN', 'FEMALE', 'ACTIVE', 'RECREATION ASSISTANT', 'PART_TIME'),
	('192119', 'CAUCASIAN', 'MALE', 'ACTIVE', 'SENIOR MANAGEMENT ANALYST I', 'FULL_TIME'),
	('192120', 'HISPANIC', 'FEMALE', 'ACTIVE', 'POLICE OFFICER III', 'FULL_TIME'),
	('192121', 'CAUCASIAN', 'MALE', 'ACTIVE', 'CONSTRUCTION INSPECTOR', 'FULL_TIME');
    #Create Table basepayments
    
    CREATE TABLE basepayments 
(
    employee_no	INT NOT NULL UNIQUE,
    pay_year INT,
    regular_pay	DECIMAL,
    total_pay DECIMAL,
    CONSTRAINT FK_basepayments FOREIGN KEY (employee_no) 
    REFERENCES employee(employee_no)
);

INSERT INTO basepayments (employee_no, pay_year, regular_pay, total_pay) VALUES
	('191910', '2023', '13636', '15195.56'),
	('191911', '2023', '40469.92', '40469.92'),
	('191912', '2023', '21230.96', '22173.43'),
	('191913', '2023', '27973.98', '30926.7'),
	('191914', '2023', '23460.8', '32971.4'),
	('191915', '2023', '46712.6', '87824.76'),
	('191916', '2023', '6762.69', '7022.69'),
	('191917', '2023', '29913.6', '29913.6'),
	('191918', '2023', '22470.8', '24298.78'),
	('191919', '2023', '12032.8', '12032.8'),
	('191920', '2023', '20533.6', '20603.6'),
	('191921', '2023', '20623.23', '26583.45'),
	('191922', '2023', '35966.39', '43681.69'),
	('191923', '2023', '0', '50.87'),
	('191924', '2023', '61735.8', '71675.33'),
	('191925', '2023', '28557.94', '31491.1'),
	('191926', '2023', '2369.82', '2369.82'),
	('191927', '2023', '33283.86', '39424.54'),
	('191928', '2023', '34433.93', '91137.92'),
	('191929', '2023', '1819.53', '1819.53'),
	('191930', '2023', '1124.15', '1124.15'),
	('191931', '2023', '32096.29', '59993.98'),
	('191932', '2023', '37116.8', '49738.62'),
	('191933', '2023', '18894.4', '19251.4'),
	('191934', '2023', '4050', '4050'),
	('191935', '2023', '63064.84', '63176.84'),
	('191936', '2023', '74824.51', '74824.51'),
	('191937', '2023', '33165.5', '37871.6'),
	('191938', '2023', '7087.25', '7087.25'),
	('191939', '2023', '17627.2', '17627.2'),
	('191940', '2023', '17558.14', '32768.03'),
	('191941', '2023', '33159.2', '34949.34'),
	('191942', '2023', '34634.34', '34634.34'),
	('191943', '2023', '21626.4', '27728.41'),
	('191944', '2023', '16459.95', '18481.2'),
	('191945', '2023', '20028.8', '20028.8'),
	('191946', '2023', '32468.95', '34813.49'),
	('191947', '2023', '35083.31', '56684.73'),
	('191948', '2023', '11563.4', '11995.65'),
	('191949', '2023', '20159.68', '20417.16'),
	('191950', '2023', '17588.96', '17588.96'),
	('191951', '2023', '37737.67', '44459.82'),
	('191952', '2023', '12942.28', '15634.78'),
	('191953', '2023', '31371.24', '33789.98'),
	('191954', '2023', '33046.4', '34304.62'),
	('191955', '2023', '30249.6', '46252.29'),
	('191956', '2023', '21897.8', '21897.8'),
	('191957', '2023', '6863.71', '6863.71'),
	('191958', '2023', '2782.13', '2923.34'),
	('191959', '2023', '30948.71', '33926.71'),
	('191960', '2023', '28900.98', '29390.98'),
	('191961', '2023', '25130.82', '37831.91'),
	('191962', '2023', '27986.6', '38365.49'),
	('191963', '2023', '35295.54', '35652.54'),
	('191964', '2023', '23316.33', '34487.7'),
	('191965', '2023', '28945.6', '36259.64'),
	('191966', '2023', '35198.12', '40967.41'),
	('191967', '2023', '35103.45', '48656.51'),
	('191968', '2023', '44031.01', '107967.26'),
	('191969', '2023', '15909.41', '15909.41'),
	('191970', '2023', '15072.19', '18615.36'),
	('191971', '2023', '3149.25', '3149.25'),
	('191972', '2023', '24753.71', '24998.71'),
	('191973', '2023', '30204.58', '31294.13'),
	('191974', '2023', '19153.87', '19153.87'),
	('191975', '2023', '26564.36', '31468'),
	('191976', '2023', '1018.69', '1044.69'),
	('191977', '2023', '40752.64', '89732.45'),
	('191978', '2023', '5848.61', '5998.86'),
	('191979', '2023', '12696.8', '12896.8'),
	('191980', '2023', '34963.79', '44769.68'),
	('191981', '2023', '19594.4', '19594.4'),
	('191982', '2023', '4985.49', '5101.24'),
	('191983', '2023', '21152.06', '21672.06'),
	('191984', '2023', '22665.6', '30024.68'),
	('191985', '2023', '3201.36', '3302.97'),
	('191986', '2023', '4945.07', '4945.07'),
	('191987', '2023', '40662.05', '51486.11'),
	('191988', '2023', '22009.85', '22089.85'),
	('191989', '2023', '0', '200'),
	('191990', '2023', '5352.18', '5733.93'),
	('191991', '2023', '41072.8', '72528.19'),
	('191992', '2023', '22692', '26562'),
	('191993', '2023', '28265.68', '30298.3'),
	('191994', '2023', '13258.24', '13258.24'),
	('191995', '2023', '43621.4', '71474.15'),
	('191996', '2023', '41325.32', '43355.32'),
	('191997', '2023', '32791.2', '32791.2'),
	('191998', '2023', '17890.4', '18685.4'),
	('191999', '2023', '12620.4', '12620.4'),
	('192000', '2023', '0', '200'),
	('192001', '2023', '28985.01', '31556.32'),
	('192002', '2023', '12349.12', '12349.12'),
	('192003', '2023', '24236', '24892.7'),
	('192004', '2023', '28240.27', '30649.39'),
	('192005', '2023', '13237.3', '14649.91'),
	('192006', '2023', '34198.52', '44401.47'),
	('192007', '2023', '3619.43', '3807.1'),
	('192008', '2023', '88.16', '88.16'),
	('192009', '2023', '532.19', '532.19'),
	('192010', '2023', '75899.71', '75899.71'),
	('192011', '2023', '23602.59', '36257.57'),
	('192012', '2023', '4424.07', '4424.07'),
	('192013', '2023', '38034.04', '40385'),
	('192014', '2023', '29422.4', '30384.89'),
	('192015', '2023', '42790.9', '76857.1'),
	('192016', '2023', '37305.78', '37305.78'),
	('192017', '2023', '60113.18', '60113.18'),
	('192018', '2023', '19942.45', '19990.45'),
	('192019', '2023', '22939.2', '28468.19'),
	('192020', '2023', '31672.8', '47512.89'),
	('192021', '2023', '42376.7', '44429.37'),
	('192022', '2023', '36336.26', '41741.32'),
	('192023', '2023', '1562.4', '1562.4'),
	('192024', '2023', '26550.1', '28453.32'),
	('192025', '2023', '5913.6', '5913.6'),
	('192026', '2023', '18097.84', '18715.94'),
	('192027', '2023', '27373.27', '27373.27'),
	('192028', '2023', '36496.58', '39624.54'),
	('192029', '2023', '17577.6', '17777.6'),
	('192030', '2023', '14569.98', '14569.98'),
	('192031', '2023', '256.64', '4892.2'),
	('192032', '2023', '17401.71', '19599.65'),
	('192033', '2023', '36281.6', '61587.75'),
	('192034', '2023', '10236.44', '10236.44'),
	('192035', '2023', '39661.6', '41570.6'),
	('192036', '2023', '3383.62', '3546.02'),
	('192037', '2023', '36465.7', '44242.21'),
	('192038', '2023', '3946.68', '4046.68'),
	('192039', '2023', '13352.69', '13352.69'),
	('192040', '2023', '35898.92', '38575.03'),
	('192041', '2023', '23602.59', '29362.86'),
	('192042', '2023', '36330.4', '36330.4'),
	('192043', '2023', '35009.26', '35009.26'),
	('192044', '2023', '59037.98', '59405.48'),
	('192045', '2023', '19619.21', '19778.21'),
	('192046', '2023', '34005.88', '34005.88'),
	('192047', '2023', '39142.44', '53694.47'),
	('192048', '2023', '32349.1', '33624.14'),
	('192049', '2023', '54421.1', '54421.1'),
	('192050', '2023', '39617.5', '54743.75'),
	('192051', '2023', '20454.68', '30928.38'),
	('192052', '2023', '2964.69', '2964.69'),
	('192053', '2023', '23460.8', '25770.32'),
	('192054', '2023', '25320.69', '25320.69'),
	('192055', '2023', '15098.75', '15098.75'),
	('192056', '2023', '21498.89', '22690.63'),
	('192057', '2023', '34835.84', '42950'),
	('192058', '2023', '25098.22', '25505.09'),
	('192059', '2023', '26550.1', '26550.1'),
	('192060', '2023', '37903.19', '40261.19'),
	('192061', '2023', '29851.01', '54951.21'),
	('192062', '2023', '12586.41', '13757.67'),
	('192063', '2023', '35804.18', '46657.37'),
	('192064', '2023', '3886.17', '3886.17'),
	('192065', '2023', '31866.97', '43627.75'),
	('192066', '2023', '14755.64', '16788.2'),
	('192067', '2023', '26306.55', '28563.95'),
	('192068', '2023', '26726.42', '27093.92'),
	('192069', '2023', '19278.4', '20477.67'),
	('192070', '2023', '43190.21', '71571.33'),
	('192071', '2023', '29602.09', '29602.09'),
	('192072', '2023', '17137.08', '18763.01'),
	('192073', '2023', '51979.2', '51979.2'),
	('192074', '2023', '4364.72', '4364.72'),
	('192075', '2023', '23606.4', '24606.4'),
	('192076', '2023', '21311.1', '21311.1'),
	('192077', '2023', '16232', '22229.44'),
	('192078', '2023', '6055.16', '6282.26'),
	('192079', '2023', '22745.61', '31323.73'),
	('192080', '2023', '26649.6', '26649.6'),
	('192081', '2023', '25524.8', '32036.59'),
	('192082', '2023', '8471.62', '8971.62'),
	('192083', '2023', '30002.4', '30874.44'),
	('192084', '2023', '23606.4', '29002.14'),
	('192085', '2023', '35756.8', '50416.27'),
	('192086', '2023', '25177.87', '34953.14'),
	('192087', '2023', '16772.33', '16972.33'),
	('192088', '2023', '34005.88', '41165.96'),
	('192089', '2023', '31841.01', '32427.47'),
	('192090', '2023', '17384.83', '19227.15'),
	('192091', '2023', '22032.95', '25197.76'),
	('192092', '2023', '5913.6', '5913.6'),
	('192093', '2023', '8325.64', '8682.64'),
	('192094', '2023', '34404.25', '43678.6'),
	('192095', '2023', '9864.64', '9864.64'),
	('192096', '2023', '35748.89', '37848.89'),
	('192097', '2023', '56103.32', '59286.12'),
	('192098', '2023', '43962.88', '47688.18'),
	('192099', '2023', '37442.66', '40522.38'),
	('192100', '2023', '18683.46', '20063.46'),
	('192101', '2023', '34914.78', '42930.86'),
	('192102', '2023', '14734.4', '15252.56'),
	('192103', '2023', '27734.22', '28084.22'),
	('192104', '2023', '31365.07', '39506.83'),
	('192105', '2023', '25177.87', '28417.8'),
	('192106', '2023', '44739.1', '49730.66'),
	('192107', '2023', '12043.58', '12043.58'),
	('192108', '2023', '34386.99', '38479.32'),
	('192109', '2023', '30085.07', '31678.58'),
	('192110', '2023', '28062.99', '28062.99'),
	('192111', '2023', '33312.69', '33312.69'),
	('192112', '2023', '22738.91', '24271.45'),
	('192113', '2023', '29787.63', '35922.61'),
	('192114', '2023', '1172.5', '1172.5'),
	('192115', '2023', '34344.66', '44370.87'),
	('192116', '2023', '953.2', '953.2'),
	('192117', '2023', '5077.68', '5132.32'),
	('192118', '2023', '509.34', '509.34'),
	('192119', '2023', '29377.3', '29565.8'),
	('192120', '2023', '42774.74', '53080.2'),
	('192121', '2023', '31505.88', '31575.88');
    
    ALTER TABLE basepayments MODIFY COLUMN  regular_pay DECIMAL(10,2), MODIFY COLUMN total_pay DECIMAL(10,2);
    
    # Create table additionalpayments
    
    CREATE TABLE additionalpayments
(
    employee_no	INT,
    retirement_contributions DECIMAL(10,2),
    benefit_pay	DECIMAL(10,2),
    total_pay	DECIMAL(10,2)
);

INSERT INTO additionalpayments (employee_no, retirement_contributions, benefit_pay, total_pay) VALUES
	('191910', '4044.44', '2550.17', '15195.56'),
	('191911', '12003.38', '2644.81', '40469.92'),
	('191912', '9946.7', '2511.6', '22173.43'),
	('191913', '8297.08', '6579.72', '30926.7'),
	('191914', '6958.47', '6579.72', '32971.4'),
	('191915', '21884.85', '6222.37', '87824.76'),
	('191916', '0', '2581.67', '7022.69'),
	('191917', '8872.37', '2644.81', '29913.6'),
	('191918', '6664.84', '6579.72', '24298.78'),
	('191919', '3568.93', '2644.81', '12032.8'),
	('191920', '6090.27', '6452.88', '20603.6'),
	('191921', '0', '0', '26583.45'),
	('191922', '16850.25', '3484.46', '43681.69'),
	('191923', '0', '0', '50.87'),
	('191924', '28923.22', '5054.98', '71675.33'),
	('191925', '8470.29', '2672.11', '31491.1'),
	('191926', '702.89', '617.09', '2369.82'),
	('191927', '15593.49', '3484.46', '39424.54'),
	('191928', '16132.3', '6222.37', '91137.92'),
	('191929', '0', '0', '1819.53'),
	('191930', '0', '0', '1124.15'),
	('191931', '15037.11', '6222.37', '59993.98'),
	('191932', '17389.22', '6222.37', '49738.62'),
	('191933', '8852.03', '6222.37', '19251.4'),
	('191934', '0', '0', '4050'),
	('191935', '18705.03', '6485.08', '63176.84'),
	('191936', '22192.95', '6579.72', '74824.51'),
	('191937', '9836.89', '5629.05', '37871.6'),
	('191938', '0', '0', '7087.25'),
	('191939', '5228.23', '3702.54', '17627.2'),
	('191940', '5207.74', '6579.72', '32768.03'),
	('191941', '9835.02', '6579.72', '34949.34'),
	('191942', '10272.55', '5009.48', '34634.34'),
	('191943', '6414.39', '6579.72', '27728.41'),
	('191944', '4882.02', '5009.48', '18481.2'),
	('191945', '5940.54', '4319.63', '20028.8'),
	('191946', '15211.7', '5629.05', '34813.49'),
	('191947', '16436.53', '6222.37', '56684.73'),
	('191948', '3429.7', '5009.48', '11995.65'),
	('191949', '7494.97', '2712.43', '20417.16'),
	('191950', '5216.89', '2644.81', '17588.96'),
	('191951', '17680.1', '3442.25', '44459.82'),
	('191952', '0', '2581.67', '15634.78'),
	('191953', '9304.71', '6579.72', '33789.98'),
	('191954', '9801.56', '6579.72', '34304.62'),
	('191955', '8972.03', '5596.01', '46252.29'),
	('191956', '6494.89', '6579.72', '21897.8'),
	('191957', '0', '0', '6863.71'),
	('191958', '0', '0', '2923.34'),
	('191959', '14499.47', '5629.05', '33926.71'),
	('191960', '8572.03', '5596.01', '29390.98'),
	('191961', '7453.8', '6579.72', '37831.91'),
	('191962', '13111.72', '6222.37', '38365.49'),
	('191963', '0', '6222.37', '35652.54'),
	('191964', '6915.62', '6485.08', '34487.7'),
	('191965', '13561.01', '5456.15', '36259.64'),
	('191966', '16490.32', '5456.15', '40967.41'),
	('191967', '16445.97', '6222.37', '48656.51'),
	('191968', '20628.53', '6222.37', '107967.26'),
	('191969', '7453.56', '6222.37', '15909.41'),
	('191970', '4470.41', '6485.08', '18615.36'),
	('191971', '0', '0', '3149.25'),
	('191972', '7341.95', '2644.81', '24998.71'),
	('191973', '8958.68', '6579.72', '31294.13'),
	('191974', '5681.04', '2644.81', '19153.87'),
	('191975', '12445.4', '6222.37', '31468'),
	('191976', '0', '0', '1044.69'),
	('191977', '19092.61', '6222.37', '89732.45'),
	('191978', '0', '2581.67', '5998.86'),
	('191979', '3765.87', '2550.17', '12896.8'),
	('191980', '16380.54', '6222.37', '44769.68'),
	('191981', '5811.7', '6579.72', '19594.4'),
	('191982', '0', '2581.67', '5101.24'),
	('191983', '6273.7', '6579.72', '21672.06'),
	('191984', '10618.83', '3555.64', '30024.68'),
	('191985', '0', '0', '3302.97'),
	('191986', '0', '0', '4945.07'),
	('191987', '19050.17', '6222.37', '51486.11'),
	('191988', '6528.12', '6579.72', '22089.85'),
	('191989', '0', '18.36', '200'),
	('191990', '0', '0', '5733.93'),
	('191991', '19242.61', '6094.76', '72528.19'),
	('191992', '6730.45', '6579.72', '26562'),
	('191993', '8383.6', '4910.43', '30298.3'),
	('191994', '3932.39', '1511.32', '13258.24'),
	('191995', '20436.63', '6222.37', '71474.15'),
	('191996', '19360.91', '6222.37', '43355.32'),
	('191997', '9725.87', '2644.81', '32791.2'),
	('191998', '5306.29', '6579.72', '18685.4'),
	('191999', '3743.21', '2468.36', '12620.4'),
	('192000', '0', '0', '200'),
	('192001', '8596.95', '4910.43', '31556.32'),
	('192002', '0', '0', '12349.12'),
	('192003', '7188.4', '185.5', '24892.7'),
	('192004', '8376.06', '5639.76', '30649.39'),
	('192005', '3926.18', '2550.17', '14649.91'),
	('192006', '16022.01', '5629.05', '44401.47'),
	('192007', '0', '0', '3807.1'),
	('192008', '0', '0', '88.16'),
	('192009', '0', '0', '532.19'),
	('192010', '22511.85', '5613.02', '75899.71'),
	('192011', '11057.81', '2640.68', '36257.57'),
	('192012', '0', '0', '4424.07'),
	('192013', '11280.9', '6485.08', '40385'),
	('192014', '8726.68', '2644.81', '30384.89'),
	('192015', '20047.54', '5872.37', '76857.1'),
	('192016', '11064.89', '2178.33', '37305.78'),
	('192017', '17829.57', '4319.63', '60113.18'),
	('192018', '5914.93', '6579.72', '19990.45'),
	('192019', '10747.02', '6222.37', '28468.19'),
	('192020', '14838.71', '6222.37', '47512.89'),
	('192021', '12568.93', '2672.11', '44429.37'),
	('192022', '17023.54', '5629.05', '41741.32'),
	('192023', '463.41', '0', '1562.4'),
	('192024', '7874.76', '185.5', '28453.32'),
	('192025', '1753.97', '0', '5913.6'),
	('192026', '5367.82', '2644.81', '18715.94'),
	('192027', '8118.91', '2272.97', '27373.27'),
	('192028', '10824.89', '2644.81', '39624.54'),
	('192029', '5213.52', '6485.08', '17777.6'),
	('192030', '4321.46', '1133.49', '14569.98'),
	('192031', '0', '0', '4892.2'),
	('192032', '5161.35', '5104.12', '19599.65'),
	('192033', '16997.93', '6222.37', '61587.75'),
	('192034', '0', '0', '10236.44'),
	('192035', '11763.63', '4319.63', '41570.6'),
	('192036', '0', '0', '3546.02'),
	('192037', '17084.18', '2640.68', '44242.21'),
	('192038', '0', '1821.55', '4046.68'),
	('192039', '3960.41', '2644.81', '13352.69'),
	('192040', '16818.64', '5629.05', '38575.03'),
	('192041', '11057.81', '5629.05', '29362.86'),
	('192042', '10775.6', '6485.08', '36330.4'),
	('192043', '10383.75', '6579.72', '35009.26'),
	('192044', '17510.66', '76.16', '59405.48'),
	('192045', '5819.06', '3197.72', '19778.21'),
	('192046', '15931.75', '6222.37', '34005.88'),
	('192047', '18338.23', '3484.46', '53694.47'),
	('192048', '9594.74', '6579.72', '33624.14'),
	('192049', '16141.3', '4319.63', '54421.1'),
	('192050', '18560.8', '5134.78', '54743.75'),
	('192051', '6066.86', '6485.08', '30928.38'),
	('192052', '0', '0', '2964.69'),
	('192053', '6958.47', '5656.42', '25770.32'),
	('192054', '7510.12', '5613.02', '25320.69'),
	('192055', '4478.29', '2178.33', '15098.75'),
	('192056', '7255.89', '3714.21', '22690.63'),
	('192057', '16320.59', '5629.05', '42950'),
	('192058', '7444.13', '4319.63', '25505.09'),
	('192059', '7874.76', '5596.01', '26550.1'),
	('192060', '11242.09', '6579.72', '40261.19'),
	('192061', '13985.2', '6222.37', '54951.21'),
	('192062', '3733.13', '2550.17', '13757.67'),
	('192063', '16774.26', '6222.37', '46657.37'),
	('192064', '0', '2550.17', '3886.17'),
	('192065', '14929.68', '3484.46', '43627.75'),
	('192066', '4376.52', '5104.12', '16788.2'),
	('192067', '12324.62', '5629.05', '28563.95'),
	('192068', '7927.06', '76.16', '27093.92'),
	('192069', '5717.97', '5542.2', '20477.67'),
	('192070', '20234.61', '5872.37', '71571.33'),
	('192071', '8779.98', '2272.97', '29602.09'),
	('192072', '5082.86', '5501.37', '18763.01'),
	('192073', '15417.03', '2779.32', '51979.2'),
	('192074', '0', '2178.33', '4364.72'),
	('192075', '7001.66', '2644.81', '24606.4'),
	('192076', '6320.87', '2550.17', '21311.1'),
	('192077', '7604.69', '1886.2', '22229.44'),
	('192078', '2836.84', '754.48', '6282.26'),
	('192079', '6746.35', '6485.08', '31323.73'),
	('192080', '7904.27', '4910.43', '26649.6'),
	('192081', '7570.66', '6485.08', '32036.59'),
	('192082', '2506.04', '2148.5', '8971.62'),
	('192083', '8898.71', '2644.81', '30874.44'),
	('192084', '7001.66', '622.38', '29002.14'),
	('192085', '16752.06', '6222.37', '50416.27'),
	('192086', '7467.76', '5656.42', '34953.14'),
	('192087', '4974.67', '6579.72', '16972.33'),
	('192088', '15931.75', '5629.05', '41165.96'),
	('192089', '9444.04', '2644.81', '32427.47'),
	('192090', '5156.34', '5639.76', '19227.15'),
	('192091', '6534.97', '2644.81', '25197.76'),
	('192092', '1753.97', '0', '5913.6'),
	('192093', '3900.56', '6222.37', '8682.64'),
	('192094', '16118.39', '5629.05', '43678.6'),
	('192095', '0', '0', '9864.64'),
	('192096', '10603.12', '185.5', '37848.89'),
	('192097', '16640.24', '6485.08', '59286.12'),
	('192098', '13039.39', '5596.01', '47688.18'),
	('192099', '17541.89', '2712.43', '40522.38'),
	('192100', '0', '0', '20063.46'),
	('192101', '16357.57', '6222.37', '42930.86'),
	('192102', '4370.22', '5501.37', '15252.56'),
	('192103', '8225.97', '90.86', '28084.22'),
	('192104', '9302.88', '5596.01', '39506.83'),
	('192105', '7467.76', '6485.08', '28417.8'),
	('192106', '13269.62', '6485.08', '49730.66'),
	('192107', '3572.13', '3085.45', '12043.58'),
	('192108', '16110.3', '5629.05', '38479.32'),
	('192109', '8923.23', '6582.45', '31678.58'),
	('192110', '8323.48', '2644.81', '28062.99'),
	('192111', '9880.54', '6579.72', '33312.69'),
	('192112', '6744.36', '5596.01', '24271.45'),
	('192113', '8835.01', '5596.01', '35922.61'),
	('192114', '0', '0', '1172.5'),
	('192115', '10186.63', '6579.72', '44370.87'),
	('192116', '0', '0', '953.2'),
	('192117', '0', '0', '5132.32'),
	('192118', '0', '0', '509.34'),
	('192119', '8713.31', '5518.38', '29565.8'),
	('192120', '20039.97', '0', '53080.2'),
	('192121', '9344.64', '5596.01', '31575.88');
    # Deleting column name total_pay
    ALTER TABLE additionalpayments DROP COLUMN total_pay;
    # CREATE Table basepayments 
    
    CREATE TABLE basepayments 
(
    employee_no	INT NOT NULL UNIQUE,
    pay_year INT,
    regular_pay	DECIMAL,
    total_pay DECIMAL,
    CONSTRAINT FK_basepayments FOREIGN KEY (employee_no) 
    REFERENCES employee(employee_no)
);

INSERT INTO basepayments (employee_no, pay_year, regular_pay, total_pay) VALUES
	('191910', '2023', '13636', '15195.56'),
	('191911', '2023', '40469.92', '40469.92'),
	('191912', '2023', '21230.96', '22173.43'),
	('191913', '2023', '27973.98', '30926.7'),
	('191914', '2023', '23460.8', '32971.4'),
	('191915', '2023', '46712.6', '87824.76'),
	('191916', '2023', '6762.69', '7022.69'),
	('191917', '2023', '29913.6', '29913.6'),
	('191918', '2023', '22470.8', '24298.78'),
	('191919', '2023', '12032.8', '12032.8'),
	('191920', '2023', '20533.6', '20603.6'),
	('191921', '2023', '20623.23', '26583.45'),
	('191922', '2023', '35966.39', '43681.69'),
	('191923', '2023', '0', '50.87'),
	('191924', '2023', '61735.8', '71675.33'),
	('191925', '2023', '28557.94', '31491.1'),
	('191926', '2023', '2369.82', '2369.82'),
	('191927', '2023', '33283.86', '39424.54'),
	('191928', '2023', '34433.93', '91137.92'),
	('191929', '2023', '1819.53', '1819.53'),
	('191930', '2023', '1124.15', '1124.15'),
	('191931', '2023', '32096.29', '59993.98'),
	('191932', '2023', '37116.8', '49738.62'),
	('191933', '2023', '18894.4', '19251.4'),
	('191934', '2023', '4050', '4050'),
	('191935', '2023', '63064.84', '63176.84'),
	('191936', '2023', '74824.51', '74824.51'),
	('191937', '2023', '33165.5', '37871.6'),
	('191938', '2023', '7087.25', '7087.25'),
	('191939', '2023', '17627.2', '17627.2'),
	('191940', '2023', '17558.14', '32768.03'),
	('191941', '2023', '33159.2', '34949.34'),
	('191942', '2023', '34634.34', '34634.34'),
	('191943', '2023', '21626.4', '27728.41'),
	('191944', '2023', '16459.95', '18481.2'),
	('191945', '2023', '20028.8', '20028.8'),
	('191946', '2023', '32468.95', '34813.49'),
	('191947', '2023', '35083.31', '56684.73'),
	('191948', '2023', '11563.4', '11995.65'),
	('191949', '2023', '20159.68', '20417.16'),
	('191950', '2023', '17588.96', '17588.96'),
	('191951', '2023', '37737.67', '44459.82'),
	('191952', '2023', '12942.28', '15634.78'),
	('191953', '2023', '31371.24', '33789.98'),
	('191954', '2023', '33046.4', '34304.62'),
	('191955', '2023', '30249.6', '46252.29'),
	('191956', '2023', '21897.8', '21897.8'),
	('191957', '2023', '6863.71', '6863.71'),
	('191958', '2023', '2782.13', '2923.34'),
	('191959', '2023', '30948.71', '33926.71'),
	('191960', '2023', '28900.98', '29390.98'),
	('191961', '2023', '25130.82', '37831.91'),
	('191962', '2023', '27986.6', '38365.49'),
	('191963', '2023', '35295.54', '35652.54'),
	('191964', '2023', '23316.33', '34487.7'),
	('191965', '2023', '28945.6', '36259.64'),
	('191966', '2023', '35198.12', '40967.41'),
	('191967', '2023', '35103.45', '48656.51'),
	('191968', '2023', '44031.01', '107967.26'),
	('191969', '2023', '15909.41', '15909.41'),
	('191970', '2023', '15072.19', '18615.36'),
	('191971', '2023', '3149.25', '3149.25'),
	('191972', '2023', '24753.71', '24998.71'),
	('191973', '2023', '30204.58', '31294.13'),
	('191974', '2023', '19153.87', '19153.87'),
	('191975', '2023', '26564.36', '31468'),
	('191976', '2023', '1018.69', '1044.69'),
	('191977', '2023', '40752.64', '89732.45'),
	('191978', '2023', '5848.61', '5998.86'),
	('191979', '2023', '12696.8', '12896.8'),
	('191980', '2023', '34963.79', '44769.68'),
	('191981', '2023', '19594.4', '19594.4'),
	('191982', '2023', '4985.49', '5101.24'),
	('191983', '2023', '21152.06', '21672.06'),
	('191984', '2023', '22665.6', '30024.68'),
	('191985', '2023', '3201.36', '3302.97'),
	('191986', '2023', '4945.07', '4945.07'),
	('191987', '2023', '40662.05', '51486.11'),
	('191988', '2023', '22009.85', '22089.85'),
	('191989', '2023', '0', '200'),
	('191990', '2023', '5352.18', '5733.93'),
	('191991', '2023', '41072.8', '72528.19'),
	('191992', '2023', '22692', '26562'),
	('191993', '2023', '28265.68', '30298.3'),
	('191994', '2023', '13258.24', '13258.24'),
	('191995', '2023', '43621.4', '71474.15'),
	('191996', '2023', '41325.32', '43355.32'),
	('191997', '2023', '32791.2', '32791.2'),
	('191998', '2023', '17890.4', '18685.4'),
	('191999', '2023', '12620.4', '12620.4'),
	('192000', '2023', '0', '200'),
	('192001', '2023', '28985.01', '31556.32'),
	('192002', '2023', '12349.12', '12349.12'),
	('192003', '2023', '24236', '24892.7'),
	('192004', '2023', '28240.27', '30649.39'),
	('192005', '2023', '13237.3', '14649.91'),
	('192006', '2023', '34198.52', '44401.47'),
	('192007', '2023', '3619.43', '3807.1'),
	('192008', '2023', '88.16', '88.16'),
	('192009', '2023', '532.19', '532.19'),
	('192010', '2023', '75899.71', '75899.71'),
	('192011', '2023', '23602.59', '36257.57'),
	('192012', '2023', '4424.07', '4424.07'),
	('192013', '2023', '38034.04', '40385'),
	('192014', '2023', '29422.4', '30384.89'),
	('192015', '2023', '42790.9', '76857.1'),
	('192016', '2023', '37305.78', '37305.78'),
	('192017', '2023', '60113.18', '60113.18'),
	('192018', '2023', '19942.45', '19990.45'),
	('192019', '2023', '22939.2', '28468.19'),
	('192020', '2023', '31672.8', '47512.89'),
	('192021', '2023', '42376.7', '44429.37'),
	('192022', '2023', '36336.26', '41741.32'),
	('192023', '2023', '1562.4', '1562.4'),
	('192024', '2023', '26550.1', '28453.32'),
	('192025', '2023', '5913.6', '5913.6'),
	('192026', '2023', '18097.84', '18715.94'),
	('192027', '2023', '27373.27', '27373.27'),
	('192028', '2023', '36496.58', '39624.54'),
	('192029', '2023', '17577.6', '17777.6'),
	('192030', '2023', '14569.98', '14569.98'),
	('192031', '2023', '256.64', '4892.2'),
	('192032', '2023', '17401.71', '19599.65'),
	('192033', '2023', '36281.6', '61587.75'),
	('192034', '2023', '10236.44', '10236.44'),
	('192035', '2023', '39661.6', '41570.6'),
	('192036', '2023', '3383.62', '3546.02'),
	('192037', '2023', '36465.7', '44242.21'),
	('192038', '2023', '3946.68', '4046.68'),
	('192039', '2023', '13352.69', '13352.69'),
	('192040', '2023', '35898.92', '38575.03'),
	('192041', '2023', '23602.59', '29362.86'),
	('192042', '2023', '36330.4', '36330.4'),
	('192043', '2023', '35009.26', '35009.26'),
	('192044', '2023', '59037.98', '59405.48'),
	('192045', '2023', '19619.21', '19778.21'),
	('192046', '2023', '34005.88', '34005.88'),
	('192047', '2023', '39142.44', '53694.47'),
	('192048', '2023', '32349.1', '33624.14'),
	('192049', '2023', '54421.1', '54421.1'),
	('192050', '2023', '39617.5', '54743.75'),
	('192051', '2023', '20454.68', '30928.38'),
	('192052', '2023', '2964.69', '2964.69'),
	('192053', '2023', '23460.8', '25770.32'),
	('192054', '2023', '25320.69', '25320.69'),
	('192055', '2023', '15098.75', '15098.75'),
	('192056', '2023', '21498.89', '22690.63'),
	('192057', '2023', '34835.84', '42950'),
	('192058', '2023', '25098.22', '25505.09'),
	('192059', '2023', '26550.1', '26550.1'),
	('192060', '2023', '37903.19', '40261.19'),
	('192061', '2023', '29851.01', '54951.21'),
	('192062', '2023', '12586.41', '13757.67'),
	('192063', '2023', '35804.18', '46657.37'),
	('192064', '2023', '3886.17', '3886.17'),
	('192065', '2023', '31866.97', '43627.75'),
	('192066', '2023', '14755.64', '16788.2'),
	('192067', '2023', '26306.55', '28563.95'),
	('192068', '2023', '26726.42', '27093.92'),
	('192069', '2023', '19278.4', '20477.67'),
	('192070', '2023', '43190.21', '71571.33'),
	('192071', '2023', '29602.09', '29602.09'),
	('192072', '2023', '17137.08', '18763.01'),
	('192073', '2023', '51979.2', '51979.2'),
	('192074', '2023', '4364.72', '4364.72'),
	('192075', '2023', '23606.4', '24606.4'),
	('192076', '2023', '21311.1', '21311.1'),
	('192077', '2023', '16232', '22229.44'),
	('192078', '2023', '6055.16', '6282.26'),
	('192079', '2023', '22745.61', '31323.73'),
	('192080', '2023', '26649.6', '26649.6'),
	('192081', '2023', '25524.8', '32036.59'),
	('192082', '2023', '8471.62', '8971.62'),
	('192083', '2023', '30002.4', '30874.44'),
	('192084', '2023', '23606.4', '29002.14'),
	('192085', '2023', '35756.8', '50416.27'),
	('192086', '2023', '25177.87', '34953.14'),
	('192087', '2023', '16772.33', '16972.33'),
	('192088', '2023', '34005.88', '41165.96'),
	('192089', '2023', '31841.01', '32427.47'),
	('192090', '2023', '17384.83', '19227.15'),
	('192091', '2023', '22032.95', '25197.76'),
	('192092', '2023', '5913.6', '5913.6'),
	('192093', '2023', '8325.64', '8682.64'),
	('192094', '2023', '34404.25', '43678.6'),
	('192095', '2023', '9864.64', '9864.64'),
	('192096', '2023', '35748.89', '37848.89'),
	('192097', '2023', '56103.32', '59286.12'),
	('192098', '2023', '43962.88', '47688.18'),
	('192099', '2023', '37442.66', '40522.38'),
	('192100', '2023', '18683.46', '20063.46'),
	('192101', '2023', '34914.78', '42930.86'),
	('192102', '2023', '14734.4', '15252.56'),
	('192103', '2023', '27734.22', '28084.22'),
	('192104', '2023', '31365.07', '39506.83'),
	('192105', '2023', '25177.87', '28417.8'),
	('192106', '2023', '44739.1', '49730.66'),
	('192107', '2023', '12043.58', '12043.58'),
	('192108', '2023', '34386.99', '38479.32'),
	('192109', '2023', '30085.07', '31678.58'),
	('192110', '2023', '28062.99', '28062.99'),
	('192111', '2023', '33312.69', '33312.69'),
	('192112', '2023', '22738.91', '24271.45'),
	('192113', '2023', '29787.63', '35922.61'),
	('192114', '2023', '1172.5', '1172.5'),
	('192115', '2023', '34344.66', '44370.87'),
	('192116', '2023', '953.2', '953.2'),
	('192117', '2023', '5077.68', '5132.32'),
	('192118', '2023', '509.34', '509.34'),
	('192119', '2023', '29377.3', '29565.8'),
	('192120', '2023', '42774.74', '53080.2'),
	('192121', '2023', '31505.88', '31575.88');
    
    ALTER TABLE basepayments MODIFY COLUMN  regular_pay DECIMAL(10,2), MODIFY COLUMN total_pay DECIMAL(10,2);
    
    #create table department
    CREATE TABLE department 
(
    employee_no	INT NOT NULL UNIQUE,
    department_no	INT,
    job_title	VARCHAR(255),
    job_class_pgrade VARCHAR(255),
    department_title VARCHAR(255),
    CONSTRAINT FK_department FOREIGN KEY (employee_no) REFERENCES employee(employee_no)
);

INSERT INTO department (employee_no, department_no, job_title, job_class_pgrade, department_title) VALUES
	('191910', '82', 'MAINTENANCE LABORER', '3112-6', 'PUBLIC WORKS - SANITATION'),
	('191911', '12', 'DEPUTY CITY ATTORNEY II', '0544-0', 'CITY ATTORNEY'),
	('191912', '70', 'POLICE OFFICER I', '2214-C', 'POLICE'),
	('191913', '70', 'POLICE SERVICE REPRESENTATIVE II', '2207-2', 'POLICE'),
	('191914', '82', 'REFUSE COLLECTION TRUCK OPERATOR II', '3580-2', 'PUBLIC WORKS - SANITATION'),
	('191915', '38', 'FIRE CAPTAIN II', '2142-2', 'FIRE'),
	('191916', '88', 'RECREATION ASSISTANT', '2498-0', 'RECREATION AND PARKS'),
	('191917', '44', 'LIBRARIAN III', '6152-3', 'LIBRARY'),
	('191918', '82', 'REFUSE COLLECTION TRUCK OPERATOR II', '3580-2', 'PUBLIC WORKS - SANITATION'),
	('191919', '16', 'ADMINISTRATIVE CLERK', '1358-0', 'CITY EMPLOYEES RETIREMENT SYSTEM'),
	('191920', '38', 'STOREKEEPER II', '1835-2', 'FIRE'),
	('191921', '32', 'COMMUNICATIONS ELECTRICIAN I - HIRING HALL', '0861-1', 'INFORMATION TECHNOLOGY AGENCY'),
	('191922', '70', 'POLICE DETECTIVE I', '2223-1', 'POLICE'),
	('191923', '70', 'POLICE OFFICER I', '2214-C', 'POLICE'),
	('191924', '42', 'PORT POLICE OFFICER II', '3221-2', 'HARBOR'),
	('191925', '94', 'SENIOR TRAFFIC SUPERVISOR II', '3218-2', 'TRANSPORTATION'),
	('191926', '70', 'MANAGEMENT ASSISTANT', '1539-0', 'POLICE'),
	('191927', '70', 'POLICE OFFICER III', '2214-3', 'POLICE'),
	('191928', '70', 'POLICE OFFICER II', '2214-2', 'POLICE'),
	('191929', '88', 'POOL LIFEGUARD', '2413-0', 'RECREATION AND PARKS'),
	('191930', '88', 'RECREATION ASSISTANT', '2498-0', 'RECREATION AND PARKS'),
	('191931', '70', 'POLICE OFFICER II', '2214-2', 'POLICE'),
	('191932', '38', 'FIREFIGHTER III', '2112-3', 'FIRE'),
	('191933', '38', 'FIRE INSPECTOR I', '2128-1', 'FIRE'),
	('191934', '70', 'COMMISSION HEARING EXAMINER', '0102-0', 'POLICE'),
	('191935', '4', 'PERSONNEL DIRECTOR III', '1714-3', 'AIRPORTS'),
	('191936', '12', 'ASSISTANT CITY ATTORNEY', '0598-0', 'CITY ATTORNEY'),
	('191937', '70', 'POLICE OFFICER II', '2214-2', 'POLICE'),
	('191938', '88', 'POOL LIFEGUARD', '2413-0', 'RECREATION AND PARKS'),
	('191939', '70', 'MANAGEMENT ANALYST', '9184-0', 'POLICE'),
	('191940', '86', 'TREE SURGEON', '3114-0', 'PUBLIC WORKS - STREET SERVICES'),
	('191941', '40', 'PLUMBER SUPERVISOR', '3446-0', 'GENERAL SERVICES'),
	('191942', '39', 'SENIOR SYSTEMS ANALYST I', '1597-1', 'OFFICE OF FINANCE'),
	('191943', '82', 'REFUSE COLLECTION TRUCK OPERATOR II', '3580-2', 'PUBLIC WORKS - SANITATION'),
	('191944', '4', 'CUSTODIAN - AIRPORTS', '3156-A', 'AIRPORTS'),
	('191945', '70', 'SECRETARY', '1116-0', 'POLICE'),
	('191946', '70', 'POLICE OFFICER II', '2214-2', 'POLICE'),
	('191947', '70', 'POLICE OFFICER II', '2214-2', 'POLICE'),
	('191948', '40', 'ADMINISTRATIVE CLERK', '1358-0', 'GENERAL SERVICES'),
	('191949', '70', 'POLICE OFFICER I', '2214-C', 'POLICE'),
	('191950', '44', 'ADMINISTRATIVE CLERK', '1358-0', 'LIBRARY'),
	('191951', '38', 'FIRE INSPECTOR I', '2128-1', 'FIRE'),
	('191952', '40', 'MAINTENANCE AND CONSTRUCTION HELPER', '3115-0', 'GENERAL SERVICES'),
	('191953', '4', 'ELECTRICIAN', '3863-0', 'AIRPORTS'),
	('191954', '82', 'CIVIL ENGINEERING ASSOCIATE II', '7246-2', 'PUBLIC WORKS - SANITATION'),
	('191955', '82', 'WASTEWATER COLLECTION SUPERVISOR', '4113-0', 'PUBLIC WORKS - SANITATION'),
	('191956', '43', 'MANAGEMENT ANALYST', '9184-0', 'LOS ANGELES HOUSING'),
	('191957', '82', 'STUDENT ENGINEER', '7203-4', 'PUBLIC WORKS - SANITATION'),
	('191958', '88', 'ASSISTANT PARK SERVICES ATTENDANT I', '2418-1', 'RECREATION AND PARKS'),
	('191959', '70', 'POLICE OFFICER II', '2214-2', 'POLICE'),
	('191960', '82', 'ENVIRONMENTAL COMPLIANCE INSPECTOR', '4292-0', 'PUBLIC WORKS - SANITATION'),
	('191961', '86', 'CEMENT FINISHER', '3353-0', 'PUBLIC WORKS - STREET SERVICES'),
	('191962', '70', 'POLICE OFFICER II', '2214-2', 'POLICE'),
	('191963', '38', 'FIREFIGHTER III', '2112-3', 'FIRE'),
	('191964', '4', 'COMMUNICATIONS INFORMATION REPRESENTATIVE III', '1461-3', 'AIRPORTS'),
	('191965', '38', 'FIREFIGHTER III', '2112-3', 'FIRE'),
	('191966', '38', 'FIREFIGHTER III', '2112-3', 'FIRE'),
	('191967', '70', 'POLICE DETECTIVE I', '2223-1', 'POLICE'),
	('191968', '38', 'FIREBOAT PILOT', '5127-0', 'FIRE'),
	('191969', '70', 'POLICE OFFICER III', '2214-3', 'POLICE'),
	('191970', '86', 'STREET SERVICES WORKER I', '4150-1', 'PUBLIC WORKS - STREET SERVICES'),
	('191971', '88', 'OBSERVATORY LECTURER', '0848-B', 'RECREATION AND PARKS'),
	('191972', '70', 'POLICE SERVICE REPRESENTATIVE II', '2207-2', 'POLICE'),
	('191973', '4', 'AIRPORT POLICE OFFICER II', '3225-2', 'AIRPORTS'),
	('191974', '76', 'MANAGEMENT ASSISTANT', '1539-0', 'PUBLIC WORKS - CONTRACT ADMINISTRATION'),
	('191975', '70', 'POLICE OFFICER II', '2214-2', 'POLICE'),
	('191976', '88', 'RECREATION ASSISTANT', '2498-0', 'RECREATION AND PARKS'),
	('191977', '38', 'FIREBOAT MATE', '5125-0', 'FIRE'),
	('191978', '88', 'RECREATION ASSISTANT', '2498-0', 'RECREATION AND PARKS'),
	('191979', '88', 'GARDENER CARETAKER', '3141-0', 'RECREATION AND PARKS'),
	('191980', '70', 'POLICE OFFICER III', '2214-3', 'POLICE'),
	('191981', '4', 'ACCOUNTING CLERK', '1223-0', 'AIRPORTS'),
	('191982', '88', 'RECREATION ASSISTANT', '2498-0', 'RECREATION AND PARKS'),
	('191983', '12', 'PARALEGAL I', '0576-0', 'CITY ATTORNEY'),
	('191984', '70', 'POLICE DETECTIVE II', '2223-2', 'POLICE'),
	('191985', '88', 'RECREATION ASSISTANT', '2498-0', 'RECREATION AND PARKS'),
	('191986', '30', 'GALLERY ATTENDANT (PART TIME)', '2440-0', 'CULTURAL AFFAIRS'),
	('191987', '70', 'POLICE SERGEANT I', '2227-1', 'POLICE'),
	('191988', '82', 'MANAGEMENT ASSISTANT', '1539-0', 'PUBLIC WORKS - SANITATION'),
	('191989', '4', 'MAINTENANCE LABORER', '3112-0', 'AIRPORTS'),
	('191990', '88', 'RECREATION ASSISTANT', '2498-0', 'RECREATION AND PARKS'),
	('191991', '38', 'FIREFIGHTER III', '2112-3', 'FIRE'),
	('191992', '40', 'SENIOR STOREKEEPER', '1837-0', 'GENERAL SERVICES'),
	('191993', '76', 'CONSTRUCTION INSPECTOR', '7291-0', 'PUBLIC WORKS - CONTRACT ADMINISTRATION'),
	('191994', '12', 'LEGAL CLERK II', '0586-0', 'CITY ATTORNEY'),
	('191995', '70', 'POLICE DETECTIVE I', '2223-1', 'POLICE'),
	('191996', '70', 'POLICE SERGEANT II', '2227-2', 'POLICE'),
	('191997', '8', 'STRUCTURAL ENGINEERING ASSOCIATE II', '7957-2', 'BUILDING AND SAFETY'),
	('191998', '82', 'MAINTENANCE LABORER', '3112-6', 'PUBLIC WORKS - SANITATION'),
	('191999', '28', 'COUNCIL AIDE IV', '0183-0', 'COUNCIL'),
	('192000', '4', 'CUSTODIAN - AIRPORTS', '3156-A', 'AIRPORTS'),
	('192001', '88', 'MARITIME MUSEUM DIRECTOR', '2406-0', 'RECREATION AND PARKS'),
	('192002', '88', 'PARK MAINTENANCE SUPERVISOR', '3145-0', 'RECREATION AND PARKS'),
	('192003', '12', 'LEGAL SECRETARY III', '0582-0', 'CITY ATTORNEY'),
	('192004', '88', 'ELECTRICIAN SUPERVISOR', '3865-0', 'RECREATION AND PARKS'),
	('192005', '40', 'GARAGE ATTENDANT', '3531-6', 'GENERAL SERVICES'),
	('192006', '70', 'POLICE OFFICER III', '2214-3', 'POLICE'),
	('192007', '88', 'MUSEUM GUIDE', '2401-0', 'RECREATION AND PARKS'),
	('192008', '88', 'RECREATION ASSISTANT', '2498-0', 'RECREATION AND PARKS'),
	('192009', '30', 'ART INSTRUCTOR', '2452-D', 'CULTURAL AFFAIRS'),
	('192010', '12', 'ASSISTANT CITY ATTORNEY', '0598-0', 'CITY ATTORNEY'),
	('192011', '70', 'POLICE OFFICER II', '2214-2', 'POLICE'),
	('192012', '88', 'RECREATION ASSISTANT', '2498-0', 'RECREATION AND PARKS'),
	('192013', '40', 'ELEVATOR MECHANIC', '3866-0', 'GENERAL SERVICES'),
	('192014', '40', 'MATERIALS TESTING ENGINEERING ASSOCIATE II', '7967-2', 'GENERAL SERVICES'),
	('192015', '38', 'FIRE INSPECTOR II', '2128-2', 'FIRE'),
	('192016', '28', 'COUNCIL AIDE VII', '0186-0', 'COUNCIL'),
	('192017', '12', 'DEPUTY CITY ATTORNEY III', '0596-0', 'CITY ATTORNEY'),
	('192018', '22', 'AUDITOR II', '1517-2', 'ECONOMIC AND WORKFORCE DEVELOPMENT DEPARTMENT'),
	('192019', '38', 'FIREFIGHTER II', '2112-2', 'FIRE'),
	('192020', '38', 'FIREFIGHTER III', '2112-3', 'FIRE'),
	('192021', '43', 'FINANCE DEVELOPMENT OFFICER II', '1571-2', 'LOS ANGELES HOUSING'),
	('192022', '70', 'POLICE DETECTIVE I', '2223-1', 'POLICE'),
	('192023', '44', 'OFFICE TRAINEE ADMIN CLERK', '1101-X', 'LIBRARY'),
	('192024', '70', 'PRINCIPAL CLERK POLICE II', '1152-2', 'POLICE'),
	('192025', '44', 'SYSTEMS ANALYST', '1596-0', 'LIBRARY'),
	('192026', '94', 'TRAFFIC OFFICER II', '3214-2', 'TRANSPORTATION'),
	('192027', '94', 'SENIOR ACCOUNTANT II', '1523-2', 'TRANSPORTATION'),
	('192028', '35', 'EMERGENCY MANAGEMENT COORDINATOR I', '1702-1', 'EMERGENCY MANAGEMENT'),
	('192029', '88', 'GARDENER CARETAKER', '3141-0', 'RECREATION AND PARKS'),
	('192030', '28', 'COUNCIL AIDE VII', '0186-0', 'COUNCIL'),
	('192031', '2', 'COMMUNITY AND ADMINISTRATIVE SUPPORT WORKER I', '1112-B', 'AGING'),
	('192032', '82', 'REFUSE COLLECTION TRUCK OPERATOR II', '3580-2', 'PUBLIC WORKS - SANITATION'),
	('192033', '38', 'FIREFIGHTER III', '2112-3', 'FIRE'),
	('192034', '14', 'ACCOUNTING CLERK', '1223-0', 'CITY CLERK'),
	('192035', '78', 'CIVIL ENGINEER', '7237-0', 'PUBLIC WORKS - ENGINEERING'),
	('192036', '88', 'SPECIAL PROGRAM ASSISTANT II', '2415-0', 'RECREATION AND PARKS'),
	('192037', '70', 'POLICE SERGEANT I', '2227-1', 'POLICE'),
	('192038', '88', 'SPECIAL PROGRAM ASSISTANT II', '2415-0', 'RECREATION AND PARKS'),
	('192039', '94', 'ADMINISTRATIVE CLERK', '1358-0', 'TRANSPORTATION'),
	('192040', '70', 'POLICE OFFICER III', '2214-3', 'POLICE'),
	('192041', '70', 'POLICE OFFICER II', '2214-2', 'POLICE'),
	('192042', '42', 'PROGRAMMER ANALYST IV', '1431-4', 'HARBOR'),
	('192043', '68', 'GEOGRAPHIC INFORMATION SYSTEMS SUPERVISOR I', '7214-1', 'CITY PLANNING'),
	('192044', '12', 'DEPUTY CITY ATTORNEY III', '0596-0', 'CITY ATTORNEY'),
	('192045', '94', 'COMMUNICATIONS INFORMATION REPRESENTATIVE III', '1461-3', 'TRANSPORTATION'),
	('192046', '70', 'POLICE OFFICER II', '2214-2', 'POLICE'),
	('192047', '70', 'POLICE DETECTIVE II', '2223-2', 'POLICE'),
	('192048', '43', 'HOUSING INSPECTOR', '4243-0', 'LOS ANGELES HOUSING'),
	('192049', '12', 'DEPUTY CITY ATTORNEY III', '0596-0', 'CITY ATTORNEY'),
	('192050', '70', 'POLICE SERGEANT I', '2227-1', 'POLICE'),
	('192051', '94', 'TRAFFIC OFFICER II', '3214-2', 'TRANSPORTATION'),
	('192052', '88', 'ASSISTANT PARK SERVICES ATTENDANT I', '2418-1', 'RECREATION AND PARKS'),
	('192053', '82', 'REFUSE COLLECTION TRUCK OPERATOR II', '3580-2', 'PUBLIC WORKS - SANITATION'),
	('192054', '4', 'HUMAN RESOURCES ASSISTANT', '1742-0', 'AIRPORTS'),
	('192055', '8', 'ADMINISTRATIVE CLERK', '1358-0', 'BUILDING AND SAFETY'),
	('192056', '70', 'POLICE OFFICER II', '2214-2', 'POLICE'),
	('192057', '70', 'POLICE OFFICER III', '2214-3', 'POLICE'),
	('192058', '44', 'PUBLIC RELATIONS SPECIALIST II', '1785-2', 'LIBRARY'),
	('192059', '46', 'MAYORAL AIDE V', '0145-0', 'MAYOR'),
	('192060', '8', 'SENIOR SAFETY ENGINEER PRESSURE VESSELS', '4262-0', 'BUILDING AND SAFETY'),
	('192061', '70', 'POLICE OFFICER II', '2214-2', 'POLICE'),
	('192062', '4', 'CUSTODIAN - AIRPORTS', '3156-A', 'AIRPORTS'),
	('192063', '70', 'POLICE OFFICER III', '2214-3', 'POLICE'),
	('192064', '88', 'RECREATION ASSISTANT', '2498-0', 'RECREATION AND PARKS'),
	('192065', '70', 'POLICE OFFICER II', '2214-2', 'POLICE'),
	('192066', '82', 'CUSTODIAN', '3156-0', 'PUBLIC WORKS - SANITATION'),
	('192067', '70', 'POLICE OFFICER II', '2214-2', 'POLICE'),
	('192068', '43', 'SENIOR MANAGEMENT ANALYST I', '9171-1', 'LOS ANGELES HOUSING'),
	('192069', '40', 'ELECTRICAL CRAFT HELPER', '3799-0', 'GENERAL SERVICES'),
	('192070', '38', 'FIRE CAPTAIN I', '2142-1', 'FIRE'),
	('192071', '66', 'SENIOR MANAGEMENT ANALYST I', '9171-1', 'PERSONNEL'),
	('192072', '13', 'MANAGEMENT ASSISTANT', '1539-0', 'CANNABIS REGULATION'),
	('192073', '42', 'TRAFFIC MANAGER', '0803-0', 'HARBOR'),
	('192074', '88', 'RECREATION ASSISTANT', '2498-0', 'RECREATION AND PARKS'),
	('192075', '78', 'CIVIL ENGINEERING ASSOCIATE I', '7246-1', 'PUBLIC WORKS - ENGINEERING'),
	('192076', '21', 'MANAGEMENT ANALYST', '9184-0', 'COMMUNITY INVESTMENT FOR FAMILIES DEPARTMENT'),
	('192077', '70', 'POLICE OFFICER II', '2214-2', 'POLICE'),
	('192078', '70', 'POLICE OFFICER I', '2214-C', 'POLICE'),
	('192079', '82', 'REFUSE COLLECTION TRUCK OPERATOR II', '3580-2', 'PUBLIC WORKS - SANITATION'),
	('192080', '26', 'EXECUTIVE ADMINISTRATIVE ASSISTANT III', '1117-3', 'CONTROLLER'),
	('192081', '4', 'MECHANICAL REPAIRER I', '3773-0', 'AIRPORTS'),
	('192082', '4', 'CUSTODIAN - AIRPORTS', '3156-A', 'AIRPORTS'),
	('192083', '94', 'TRANSPORTATION ENGINEERING ASSOCIATE II', '7280-2', 'TRANSPORTATION'),
	('192084', '8', 'STRUCTURAL ENGINEERING ASSOCIATE I', '7957-1', 'BUILDING AND SAFETY'),
	('192085', '70', 'POLICE DETECTIVE I', '2223-1', 'POLICE'),
	('192086', '40', 'EQUIPMENT MECHANIC', '3711-5', 'GENERAL SERVICES'),
	('192087', '42', 'MAINTENANCE LABORER', '3112-0', 'HARBOR'),
	('192088', '70', 'POLICE OFFICER II', '2214-2', 'POLICE'),
	('192089', '70', 'FORENSIC PRINT SPECIALIST III', '2200-3', 'POLICE'),
	('192090', '82', 'MAINTENANCE LABORER', '3112-6', 'PUBLIC WORKS - SANITATION'),
	('192091', '26', 'SENIOR ACCOUNTANT II', '1523-2', 'CONTROLLER'),
	('192092', '70', 'SYSTEMS ANALYST', '1596-0', 'POLICE'),
	('192093', '38', 'FIRE CAPTAIN I', '2142-1', 'FIRE'),
	('192094', '70', 'POLICE OFFICER III', '2214-3', 'POLICE'),
	('192095', '8', 'SENIOR STRUCTURAL ENGINEER', '9425-0', 'BUILDING AND SAFETY'),
	('192096', '70', 'SENIOR POLICE SERVICE REPRESENTATIVE I', '2209-1', 'POLICE'),
	('192097', '66', 'CHIEF PERSONNEL ANALYST', '1741-0', 'PERSONNEL'),
	('192098', '10', 'FINANCE SPECIALIST III', '1552-3', 'CITY ADMINISTRATIVE OFFICER'),
	('192099', '70', 'POLICE SERGEANT I', '2227-1', 'POLICE'),
	('192100', '42', 'ROOFER - HIRING HALL', '0875-0', 'HARBOR'),
	('192101', '70', 'POLICE OFFICER II', '2214-2', 'POLICE'),
	('192102', '88', 'SENIOR PARK SERVICES ATTENDANT', '2422-0', 'RECREATION AND PARKS'),
	('192103', '30', 'MANAGEMENT ANALYST', '9184-0', 'CULTURAL AFFAIRS'),
	('192104', '84', 'STREET LIGHTING ELECTRICIAN', '3811-0', 'PUBLIC WORKS - STREET LIGHTING'),
	('192105', '40', 'EQUIPMENT MECHANIC', '3711-5', 'GENERAL SERVICES'),
	('192106', '32', 'SYSTEMS PROGRAMMER III', '1455-3', 'INFORMATION TECHNOLOGY AGENCY'),
	('192107', '2', 'MANAGEMENT ASSISTANT', '1539-0', 'AGING'),
	('192108', '70', 'POLICE OFFICER II', '2214-2', 'POLICE'),
	('192109', '82', 'MANAGEMENT ANALYST', '9184-0', 'PUBLIC WORKS - SANITATION'),
	('192110', '82', 'MANAGEMENT ANALYST', '9184-0', 'PUBLIC WORKS - SANITATION'),
	('192111', '82', 'SENIOR MANAGEMENT ANALYST I', '9171-1', 'PUBLIC WORKS - SANITATION'),
	('192112', '86', 'MOTOR SWEEPER OPERATOR', '3585-0', 'PUBLIC WORKS - STREET SERVICES'),
	('192113', '82', 'WASTEWATER TREATMENT OPERATOR I', '4123-1', 'PUBLIC WORKS - SANITATION'),
	('192114', '43', 'STUDENT WORKER', '1501-0', 'LOS ANGELES HOUSING'),
	('192115', '4', 'AIRPORT POLICE OFFICER III', '3225-3', 'AIRPORTS'),
	('192116', '44', 'ADMINISTRATIVE CLERK', '1358-0', 'LIBRARY'),
	('192117', '44', 'MESSENGER CLERK', '1111-0', 'LIBRARY'),
	('192118', '88', 'RECREATION ASSISTANT', '2498-0', 'RECREATION AND PARKS'),
	('192119', '2', 'SENIOR MANAGEMENT ANALYST I', '9171-1', 'AGING'),
	('192120', '70', 'POLICE OFFICER III', '2214-3', 'POLICE'),
	('192121', '76', 'CONSTRUCTION INSPECTOR', '7291-0', 'PUBLIC WORKS - CONTRACT ADMINISTRATION');
    
    ALTER TABLE department DROP COLUMN job_title;
    
    # CREATE Table Adhocpayments
    
    CREATE TABLE adhocpayments 
(
    employee_no	INT NOT NULL UNIQUE,
    overtime_pay	DECIMAL,
    all_other_pay	DECIMAL,
    total_pay DECIMAL,
    CONSTRAINT FK_adhocpayments FOREIGN KEY (employee_no) REFERENCES employee(employee_no)
);

INSERT INTO adhocpayments (employee_no, overtime_pay, all_other_pay, total_pay) VALUES
	('191910', '682.52', '877.04', '15195.56'),
	('191911', '0', '0', '40469.92'),
	('191912', '942.47', '0', '22173.43'),
	('191913', '1777.91', '1174.81', '30926.7'),
	('191914', '7174.35', '2336.25', '32971.4'),
	('191915', '32175.13', '8937.03', '87824.76'),
	('191916', '0', '260', '7022.69'),
	('191917', '0', '0', '29913.6'),
	('191918', '1207.41', '620.57', '24298.78'),
	('191919', '0', '0', '12032.8'),
	('191920', '0', '70', '20603.6'),
	('191921', '5960.22', '0', '26583.45'),
	('191922', '1547.76', '6167.54', '43681.69'),
	('191923', '50.87', '0', '50.87'),
	('191924', '6052.45', '3887.08', '71675.33'),
	('191925', '1959.7', '973.46', '31491.1'),
	('191926', '0', '0', '2369.82'),
	('191927', '4054.68', '2086', '39424.54'),
	('191928', '54029.99', '2674', '91137.92'),
	('191929', '0', '0', '1819.53'),
	('191930', '0', '0', '1124.15'),
	('191931', '25867.69', '2030', '59993.98'),
	('191932', '12084.82', '537', '49738.62'),
	('191933', '0', '357', '19251.4'),
	('191934', '0', '0', '4050'),
	('191935', '0', '112', '63176.84'),
	('191936', '0', '0', '74824.51'),
	('191937', '3376.1', '1330', '37871.6'),
	('191938', '0', '0', '7087.25'),
	('191939', '0', '0', '17627.2'),
	('191940', '14717.52', '492.37', '32768.03'),
	('191941', '1337.85', '452.29', '34949.34'),
	('191942', '0', '0', '34634.34'),
	('191943', '5657', '445.01', '27728.41'),
	('191944', '1052.28', '968.97', '18481.2'),
	('191945', '0', '0', '20028.8'),
	('191946', '314.54', '2030', '34813.49'),
	('191947', '20215.42', '1386', '56684.73'),
	('191948', '0', '432.25', '11995.65'),
	('191949', '225.48', '32', '20417.16'),
	('191950', '0', '0', '17588.96'),
	('191951', '6365.15', '357', '44459.82'),
	('191952', '2592.5', '100', '15634.78'),
	('191953', '1181.34', '1237.4', '33789.98'),
	('191954', '1252.44', '5.78', '34304.62'),
	('191955', '12535.33', '3467.36', '46252.29'),
	('191956', '0', '0', '21897.8'),
	('191957', '0', '0', '6863.71'),
	('191958', '0', '141.21', '2923.34'),
	('191959', '0', '2978', '33926.71'),
	('191960', '0', '490', '29390.98'),
	('191961', '12298.8', '402.29', '37831.91'),
	('191962', '9048.89', '1330', '38365.49'),
	('191963', '0', '357', '35652.54'),
	('191964', '10525.94', '645.43', '34487.7'),
	('191965', '6777.04', '537', '36259.64'),
	('191966', '5412.29', '357', '40967.41'),
	('191967', '11903.06', '1650', '48656.51'),
	('191968', '56437.94', '7498.31', '107967.26'),
	('191969', '0', '0', '15909.41'),
	('191970', '2419.16', '1124.01', '18615.36'),
	('191971', '0', '0', '3149.25'),
	('191972', '0', '245', '24998.71'),
	('191973', '0', '1089.55', '31294.13'),
	('191974', '0', '0', '19153.87'),
	('191975', '2063.64', '2840', '31468'),
	('191976', '0', '26', '1044.69'),
	('191977', '48262.81', '717', '89732.45'),
	('191978', '0', '150.25', '5998.86'),
	('191979', '0', '200', '12896.8'),
	('191980', '8475.89', '1330', '44769.68'),
	('191981', '0', '0', '19594.4'),
	('191982', '0', '115.75', '5101.24'),
	('191983', '0', '520', '21672.06'),
	('191984', '6199.08', '1160', '30024.68'),
	('191985', '0', '101.61', '3302.97'),
	('191986', '0', '0', '4945.07'),
	('191987', '4744.17', '6079.89', '51486.11'),
	('191988', '0', '80', '22089.85'),
	('191989', '0', '200', '200'),
	('191990', '0', '381.75', '5733.93'),
	('191991', '30017.48', '1437.91', '72528.19'),
	('191992', '0', '3870', '26562'),
	('191993', '0', '2032.62', '30298.3'),
	('191994', '0', '0', '13258.24'),
	('191995', '22239.35', '5613.4', '71474.15'),
	('191996', '0', '2030', '43355.32'),
	('191997', '0', '0', '32791.2'),
	('191998', '0', '795', '18685.4'),
	('191999', '0', '0', '12620.4'),
	('192000', '0', '200', '200'),
	('192001', '115.13', '2456.18', '31556.32'),
	('192002', '0', '0', '12349.12'),
	('192003', '0', '656.7', '24892.7'),
	('192004', '0', '2409.12', '30649.39'),
	('192005', '1342.61', '70', '14649.91'),
	('192006', '7731.85', '2471.1', '44401.47'),
	('192007', '0', '187.67', '3807.1'),
	('192008', '0', '0', '88.16'),
	('192009', '0', '0', '532.19'),
	('192010', '0', '0', '75899.71'),
	('192011', '10512.98', '2142', '36257.57'),
	('192012', '0', '0', '4424.07'),
	('192013', '155.1', '2195.86', '40385'),
	('192014', '812.49', '150', '30384.89'),
	('192015', '26328.07', '7738.13', '76857.1'),
	('192016', '0', '0', '37305.78'),
	('192017', '0', '0', '60113.18'),
	('192018', '0', '48', '19990.45'),
	('192019', '4811.99', '717', '28468.19'),
	('192020', '15483.09', '357', '47512.89'),
	('192021', '0', '2052.67', '44429.37'),
	('192022', '4075.06', '1330', '41741.32'),
	('192023', '0', '0', '1562.4'),
	('192024', '144.38', '1758.84', '28453.32'),
	('192025', '0', '0', '5913.6'),
	('192026', '48.82', '569.28', '18715.94'),
	('192027', '0', '0', '27373.27'),
	('192028', '0', '3127.96', '39624.54'),
	('192029', '0', '200', '17777.6'),
	('192030', '0', '0', '14569.98'),
	('192031', '0', '4635.56', '4892.2'),
	('192032', '1997.94', '200', '19599.65'),
	('192033', '24769.15', '537', '61587.75'),
	('192034', '0', '0', '10236.44'),
	('192035', '0', '1909', '41570.6'),
	('192036', '0', '162.4', '3546.02'),
	('192037', '6055.77', '1720.74', '44242.21'),
	('192038', '0', '100', '4046.68'),
	('192039', '0', '0', '13352.69'),
	('192040', '1346.11', '1330', '38575.03'),
	('192041', '3730.27', '2030', '29362.86'),
	('192042', '0', '0', '36330.4'),
	('192043', '0', '0', '35009.26'),
	('192044', '0', '367.5', '59405.48'),
	('192045', '0', '159', '19778.21'),
	('192046', '0', '0', '34005.88'),
	('192047', '12522.03', '2030', '53694.47'),
	('192048', '0', '1275.04', '33624.14'),
	('192049', '0', '0', '54421.1'),
	('192050', '13796.25', '1330', '54743.75'),
	('192051', '8755.74', '1717.96', '30928.38'),
	('192052', '0', '0', '2964.69'),
	('192053', '1514.52', '795', '25770.32'),
	('192054', '0', '0', '25320.69'),
	('192055', '0', '0', '15098.75'),
	('192056', '1079.74', '112', '22690.63'),
	('192057', '0', '8114.16', '42950'),
	('192058', '406.87', '0', '25505.09'),
	('192059', '0', '0', '26550.1'),
	('192060', '0', '2358', '40261.19'),
	('192061', '21534.2', '3566', '54951.21'),
	('192062', '541.84', '629.42', '13757.67'),
	('192063', '8823.19', '2030', '46657.37'),
	('192064', '0', '0', '3886.17'),
	('192065', '9730.78', '2030', '43627.75'),
	('192066', '1587.56', '445', '16788.2'),
	('192067', '2257.4', '0', '28563.95'),
	('192068', '0', '367.5', '27093.92'),
	('192069', '233.35', '965.92', '20477.67'),
	('192070', '27064.12', '1317', '71571.33'),
	('192071', '0', '0', '29602.09'),
	('192072', '1616.95', '8.98', '18763.01'),
	('192073', '0', '0', '51979.2'),
	('192074', '0', '0', '4364.72'),
	('192075', '0', '1000', '24606.4'),
	('192076', '0', '0', '21311.1'),
	('192077', '5417.44', '580', '22229.44'),
	('192078', '227.1', '0', '6282.26'),
	('192079', '7730.25', '847.87', '31323.73'),
	('192080', '0', '0', '26649.6'),
	('192081', '4033.83', '2477.96', '32036.59'),
	('192082', '0', '500', '8971.62'),
	('192083', '872.04', '0', '30874.44'),
	('192084', '4590.18', '805.56', '29002.14'),
	('192085', '8258.97', '6400.5', '50416.27'),
	('192086', '5485.52', '4289.75', '34953.14'),
	('192087', '0', '200', '16972.33'),
	('192088', '0', '7160.08', '41165.96'),
	('192089', '505.96', '80.5', '32427.47'),
	('192090', '321.14', '1521.18', '19227.15'),
	('192091', '3164.31', '0.5', '25197.76'),
	('192092', '0', '0', '5913.6'),
	('192093', '0', '357', '8682.64'),
	('192094', '7244.35', '2030', '43678.6'),
	('192095', '0', '0', '9864.64'),
	('192096', '0', '2100', '37848.89'),
	('192097', '0', '3182.8', '59286.12'),
	('192098', '0', '3725.3', '47688.18'),
	('192099', '0', '3079.72', '40522.38'),
	('192100', '0', '1380', '20063.46'),
	('192101', '0', '8016.08', '42930.86'),
	('192102', '477.54', '40.62', '15252.56'),
	('192103', '0', '350', '28084.22'),
	('192104', '7739.46', '402.3', '39506.83'),
	('192105', '2708.9', '531.03', '28417.8'),
	('192106', '0', '4991.56', '49730.66'),
	('192107', '0', '0', '12043.58'),
	('192108', '2762.33', '1330', '38479.32'),
	('192109', '0', '1593.51', '31678.58'),
	('192110', '0', '0', '28062.99'),
	('192111', '0', '0', '33312.69'),
	('192112', '1332.54', '200', '24271.45'),
	('192113', '5515.91', '619.07', '35922.61'),
	('192114', '0', '0', '1172.5'),
	('192115', '8842.43', '1183.78', '44370.87'),
	('192116', '0', '0', '953.2'),
	('192117', '0', '54.64', '5132.32'),
	('192118', '0', '0', '509.34'),
	('192119', '0', '188.5', '29565.8'),
	('192120', '7925.46', '2380', '53080.2'),
	('192121', '0', '70', '31575.88');
    
    ALTER TABLE adhocpayments MODIFY COLUMN overtime_pay DECIMAL(10,2);
    ALTER TABLE adhocpayments MODIFY COLUMN all_other_pay DECIMAL(10,2);
    ALTER TABLE adhocpayments MODIFY COLUMN total_pay DECIMAL(10,2);
    
    ALTER TABLE adhocpayments DROP COLUMN total_pay;
    